Date,A4261148
23/02/2008,0.41
24/02/2008,0.395
25/02/2008,0.385
26/02/2008,0.399
27/02/2008,0.414
28/02/2008,0.375
29/02/2008,0.362
1/03/2008,0.321
2/03/2008,0.332
3/03/2008,0.329
4/03/2008,0.346
5/03/2008,0.401
6/03/2008,0.425
7/03/2008,0.449
8/03/2008,0.457
9/03/2008,0.458
10/03/2008,0.469
11/03/2008,0.484
12/03/2008,0.475
13/03/2008,0.513
14/03/2008,0.498
15/03/2008,0.454
16/03/2008,0.42
17/03/2008,0.429
18/03/2008,0.448
19/03/2008,0.436
20/03/2008,0.441
21/03/2008,0.427
22/03/2008,0.384
23/03/2008,0.362
24/03/2008,0.328
25/03/2008,0.346
26/03/2008,0.393
27/03/2008,0.342
28/03/2008,0.292
29/03/2008,0.281
30/03/2008,0.29
31/03/2008,0.309
1/04/2008,0.327
2/04/2008,0.329
3/04/2008,0.357
4/04/2008,0.268
5/04/2008,0.271
6/04/2008,0.248
7/04/2008,0.275
8/04/2008,0.253
9/04/2008,0.238
10/04/2008,0.276
11/04/2008,0.268
12/04/2008,0.303
13/04/2008,0.26
14/04/2008,0.266
15/04/2008,0.225
16/04/2008,0.223
17/04/2008,0.23
18/04/2008,0.212
19/04/2008,0.197
20/04/2008,0.202
21/04/2008,0.194
22/04/2008,0.19
23/04/2008,0.183
24/04/2008,0.176
25/04/2008,0.178
26/04/2008,0.198
27/04/2008,0.245
28/04/2008,0.234
29/04/2008,0.199
30/04/2008,0.18
1/05/2008,0.181
2/05/2008,0.187
3/05/2008,0.171
4/05/2008,0.169
5/05/2008,0.164
6/05/2008,0.176
7/05/2008,0.183
8/05/2008,0.186
9/05/2008,0.175
10/05/2008,0.17
11/05/2008,0.164
12/05/2008,0.154
13/05/2008,0.147
14/05/2008,0.142
15/05/2008,0.139
16/05/2008,0.142
17/05/2008,0.161
18/05/2008,0.158
19/05/2008,0.144
20/05/2008,0.136
21/05/2008,0.14
22/05/2008,0.132
23/05/2008,0.117
24/05/2008,0.096
25/05/2008,0.091
26/05/2008,0.094
27/05/2008,0.097
28/05/2008,0.102
29/05/2008,0.099
30/05/2008,0.069
31/05/2008,0.066
1/06/2008,0.062
2/06/2008,0.06
3/06/2008,0.053
4/06/2008,0.054
5/06/2008,0.054
6/06/2008,0.099
7/06/2008,0.1
8/06/2008,0.062
9/06/2008,0.062
10/06/2008,0.109
11/06/2008,0.058
12/06/2008,0.059
13/06/2008,0.053
14/06/2008,0.049
15/06/2008,0.046
16/06/2008,0.042
17/06/2008,0.028
18/06/2008,0.027
19/06/2008,0.035
20/06/2008,0.036
21/06/2008,0.026
22/06/2008,0.032
23/06/2008,0.029
24/06/2008,0.036
25/06/2008,0.025
26/06/2008,0.017
27/06/2008,0.022
28/06/2008,0.011
29/06/2008,0.015
30/06/2008,0.016
1/07/2008,0.023
2/07/2008,0.026
3/07/2008,0.031
4/07/2008,0.015
5/07/2008,0.01
6/07/2008,0.003
7/07/2008,0.016
8/07/2008,0.015
9/07/2008,0.002
10/07/2008,0
11/07/2008,0
12/07/2008,0
13/07/2008,0
14/07/2008,0
15/07/2008,0
16/07/2008,0
17/07/2008,0
18/07/2008,0
19/07/2008,0.001
20/07/2008,0
21/07/2008,0.013
22/07/2008,0.006
23/07/2008,0.006
24/07/2008,0.007
25/07/2008,0.03
26/07/2008,0.061
27/07/2008,0.1
28/07/2008,0.111
29/07/2008,0.142
30/07/2008,0.176
31/07/2008,0.359
1/08/2008,0.467
2/08/2008,0.166
3/08/2008,0.159
4/08/2008,0.157
5/08/2008,0.17
6/08/2008,0.162
7/08/2008,0.181
8/08/2008,0.168
9/08/2008,0.184
10/08/2008,0.22
11/08/2008,0.178
12/08/2008,0.196
13/08/2008,0.26
14/08/2008,0.277
15/08/2008,0.277
16/08/2008,0.566
17/08/2008,0.797
18/08/2008,0.737
19/08/2008,0.769
20/08/2008,0.811
21/08/2008,0.92
22/08/2008,0.634
23/08/2008,0.411
24/08/2008,0.313
25/08/2008,0.316
26/08/2008,0.371
27/08/2008,0.337
28/08/2008,0.324
29/08/2008,0.251
30/08/2008,0.243
31/08/2008,0.4
1/09/2008,0.396
2/09/2008,0.403
3/09/2008,0.446
4/09/2008,0.483
5/09/2008,0.488
6/09/2008,0.442
7/09/2008,0.433
8/09/2008,0.508
9/09/2008,0.587
10/09/2008,0.544
11/09/2008,0.594
12/09/2008,0.713
13/09/2008,0.766
14/09/2008,0.721
15/09/2008,0.692
16/09/2008,0.685
17/09/2008,0.621
18/09/2008,0.653
19/09/2008,0.705
20/09/2008,0.799
21/09/2008,0.751
22/09/2008,0.723
23/09/2008,0.75
24/09/2008,0.725
25/09/2008,0.688
26/09/2008,0.703
27/09/2008,0.744
28/09/2008,0.726
29/09/2008,0.765
30/09/2008,0.778
1/10/2008,0.731
2/10/2008,0.749
3/10/2008,0.794
4/10/2008,0.684
5/10/2008,0.711
6/10/2008,0.581
7/10/2008,0.472
8/10/2008,0.373
9/10/2008,0.415
10/10/2008,0.39
11/10/2008,0.416
12/10/2008,0.426
13/10/2008,0.412
14/10/2008,0.447
15/10/2008,0.393
16/10/2008,0.359
17/10/2008,0.399
18/10/2008,0.399
19/10/2008,0.403
20/10/2008,0.387
21/10/2008,0.309
22/10/2008,0.298
23/10/2008,0.308
24/10/2008,0.274
25/10/2008,0.331
26/10/2008,0.368
27/10/2008,0.456
28/10/2008,0.408
29/10/2008,0.392
30/10/2008,0.413
31/10/2008,0.512
1/11/2008,0.48
2/11/2008,0.469
3/11/2008,21.478
4/11/2008,1.09
5/11/2008,0.308
6/11/2008,0.304
7/11/2008,0.266
8/11/2008,0.22
9/11/2008,0.186
10/11/2008,0.18
11/11/2008,0.186
12/11/2008,0.185
13/11/2008,0.179
14/11/2008,0.197
15/11/2008,0.189
16/11/2008,0.171
17/11/2008,0.163
18/11/2008,0.164
19/11/2008,0.174
20/11/2008,0.17
21/11/2008,0.179
22/11/2008,0.162
23/11/2008,0.149
24/11/2008,0.144
25/11/2008,0.162
26/11/2008,0.157
27/11/2008,0.169
28/11/2008,0.173
29/11/2008,0.168
30/11/2008,0.166
1/12/2008,0.166
2/12/2008,0.178
3/12/2008,0.176
4/12/2008,0.171
5/12/2008,0.177
6/12/2008,0.207
7/12/2008,0.18
8/12/2008,0.19
9/12/2008,0.183
10/12/2008,0.188
11/12/2008,0.19
12/12/2008,0.176
13/12/2008,0.454
14/12/2008,0.254
15/12/2008,0.187
16/12/2008,0.185
17/12/2008,0.201
18/12/2008,0.198
19/12/2008,0.197
20/12/2008,0.178
21/12/2008,0.178
22/12/2008,0.176
23/12/2008,0.177
24/12/2008,0.176
25/12/2008,0.178
26/12/2008,0.197
27/12/2008,0.236
28/12/2008,0.269
29/12/2008,0.248
30/12/2008,0.238
31/12/2008,0.217
1/01/2009,0.209
2/01/2009,0.183
3/01/2009,0.15
4/01/2009,0.156
5/01/2009,0.159
6/01/2009,0.175
7/01/2009,0.18
8/01/2009,0.179
9/01/2009,0.162
10/01/2009,0.143
11/01/2009,0.147
12/01/2009,0.148
13/01/2009,0.145
14/01/2009,0.153
15/01/2009,0.142
16/01/2009,0.131
17/01/2009,0.135
18/01/2009,0.136
19/01/2009,0.13
20/01/2009,0.139
21/01/2009,0.143
22/01/2009,0.145
23/01/2009,0.14
24/01/2009,0.133
25/01/2009,0.132
26/01/2009,0.128
27/01/2009,0.132
28/01/2009,0.134
29/01/2009,0.146
30/01/2009,0.157
31/01/2009,0.156
1/02/2009,0.165
2/02/2009,0.178
3/02/2009,0.169
4/02/2009,0.177
5/02/2009,0.183
6/02/2009,0.174
7/02/2009,0.186
8/02/2009,0.194
9/02/2009,0.195
10/02/2009,0.177
11/02/2009,0.176
12/02/2009,0.17
13/02/2009,0.16
14/02/2009,0.171
15/02/2009,0.197
16/02/2009,0.197
17/02/2009,0.21
18/02/2009,0.22
19/02/2009,0.222
20/02/2009,0.207
21/02/2009,0.209
22/02/2009,0.192
23/02/2009,0.2
24/02/2009,0.201
25/02/2009,0.173
26/02/2009,0.177
27/02/2009,0.186
28/02/2009,0.201
1/03/2009,0.196
2/03/2009,0.182
3/03/2009,0.2
4/03/2009,0.253
5/03/2009,0.181
6/03/2009,0.181
7/03/2009,0.186
8/03/2009,0.186
9/03/2009,0.188
10/03/2009,0.179
11/03/2009,0.191
12/03/2009,0.202
13/03/2009,0.21
14/03/2009,0.224
15/03/2009,0.194
16/03/2009,0.16
17/03/2009,0.177
18/03/2009,0.157
19/03/2009,0.163
20/03/2009,0.163
21/03/2009,0.161
22/03/2009,0.165
23/03/2009,0.165
24/03/2009,0.147
25/03/2009,0.148
26/03/2009,0.18
27/03/2009,0.173
28/03/2009,0.148
29/03/2009,0.141
30/03/2009,0.138
31/03/2009,0.148
1/04/2009,0.145
2/04/2009,0.143
3/04/2009,0.153
4/04/2009,0.16
5/04/2009,0.153
6/04/2009,0.155
7/04/2009,0.156
8/04/2009,0.158
9/04/2009,0.159
10/04/2009,0.161
11/04/2009,0.162
12/04/2009,0.163
13/04/2009,0.165
14/04/2009,0.166
15/04/2009,0.168
16/04/2009,0.169
17/04/2009,0.171
18/04/2009,0.172
19/04/2009,0.174
20/04/2009,0.175
21/04/2009,0.162
22/04/2009,0.133
23/04/2009,0.124
24/04/2009,0.199
25/04/2009,0.174
26/04/2009,0.17
27/04/2009,0.152
28/04/2009,0.158
29/04/2009,0.158
30/04/2009,0.156
1/05/2009,0.155
2/05/2009,0.154
3/05/2009,0.156
4/05/2009,0.144
5/05/2009,0.148
6/05/2009,0.145
7/05/2009,0.146
8/05/2009,0.159
9/05/2009,0.16
10/05/2009,0.16
11/05/2009,0.164
12/05/2009,0.155
13/05/2009,0.15
14/05/2009,0.152
15/05/2009,0.157
16/05/2009,0.165
17/05/2009,0.174
18/05/2009,0.168
19/05/2009,0.175
20/05/2009,0.169
21/05/2009,0.162
22/05/2009,0.169
23/05/2009,0.161
24/05/2009,0.166
25/05/2009,0.176
26/05/2009,0.183
27/05/2009,0.167
28/05/2009,0.157
29/05/2009,0.158
30/05/2009,0.149
31/05/2009,0.149
1/06/2009,0.149
2/06/2009,0.16
3/06/2009,0.17
4/06/2009,0.17
5/06/2009,0.16
6/06/2009,0.162
7/06/2009,0.177
8/06/2009,0.174
9/06/2009,0.173
10/06/2009,0.181
11/06/2009,0.163
12/06/2009,0.144
13/06/2009,0.141
14/06/2009,0.16
15/06/2009,0.366
16/06/2009,0.204
17/06/2009,0.164
18/06/2009,0.164
19/06/2009,0.153
20/06/2009,0.157
21/06/2009,0.163
22/06/2009,0.16
23/06/2009,0.167
24/06/2009,0.165
25/06/2009,0.179
26/06/2009,0.181
27/06/2009,0.259
28/06/2009,0.285
29/06/2009,0.245
30/06/2009,0.244
1/07/2009,0.432
2/07/2009,0.245
3/07/2009,0.217
4/07/2009,0.232
5/07/2009,0.231
6/07/2009,0.252
7/07/2009,0.198
8/07/2009,0.181
9/07/2009,0.174
10/07/2009,0.169
11/07/2009,0.22
12/07/2009,0.316
13/07/2009,0.266
14/07/2009,0.302
15/07/2009,0.303
16/07/2009,0.275
17/07/2009,0.279
18/07/2009,0.227
19/07/2009,0.244
20/07/2009,0.27
21/07/2009,0.22
22/07/2009,0.207
23/07/2009,0.228
24/07/2009,0.193
25/07/2009,0.174
26/07/2009,0.174
27/07/2009,0.185
28/07/2009,0.193
29/07/2009,0.209
30/07/2009,0.208
31/07/2009,0.211
1/08/2009,0.219
2/08/2009,0.213
3/08/2009,0.196
4/08/2009,0.196
5/08/2009,0.194
6/08/2009,0.195
7/08/2009,0.207
8/08/2009,0.197
9/08/2009,0.167
10/08/2009,0.167
11/08/2009,0.187
12/08/2009,0.188
13/08/2009,0.191
14/08/2009,0.179
15/08/2009,0.177
16/08/2009,0.215
17/08/2009,0.203
18/08/2009,
19/08/2009,
20/08/2009,
21/08/2009,
22/08/2009,
23/08/2009,
24/08/2009,
25/08/2009,
26/08/2009,
27/08/2009,
28/08/2009,
29/08/2009,
30/08/2009,
31/08/2009,
1/09/2009,
2/09/2009,
3/09/2009,
4/09/2009,
5/09/2009,
6/09/2009,
7/09/2009,
8/09/2009,
9/09/2009,
10/09/2009,
11/09/2009,
12/09/2009,
13/09/2009,
14/09/2009,
15/09/2009,
16/09/2009,
17/09/2009,
18/09/2009,
19/09/2009,
20/09/2009,
21/09/2009,
22/09/2009,
23/09/2009,
24/09/2009,
25/09/2009,
26/09/2009,
27/09/2009,
28/09/2009,
29/09/2009,
30/09/2009,
1/10/2009,
2/10/2009,
3/10/2009,
4/10/2009,
5/10/2009,
6/10/2009,
7/10/2009,
8/10/2009,
9/10/2009,
10/10/2009,
11/10/2009,
12/10/2009,
13/10/2009,
14/10/2009,
15/10/2009,
16/10/2009,
17/10/2009,
18/10/2009,
19/10/2009,
20/10/2009,
21/10/2009,
22/10/2009,
23/10/2009,
24/10/2009,
25/10/2009,
26/10/2009,
27/10/2009,
28/10/2009,
29/10/2009,
30/10/2009,
31/10/2009,
1/11/2009,
2/11/2009,
3/11/2009,
4/11/2009,
5/11/2009,
6/11/2009,
7/11/2009,
8/11/2009,
9/11/2009,
10/11/2009,
11/11/2009,
12/11/2009,
13/11/2009,
14/11/2009,
15/11/2009,
16/11/2009,
17/11/2009,
18/11/2009,
19/11/2009,
20/11/2009,
21/11/2009,
22/11/2009,
23/11/2009,
24/11/2009,
25/11/2009,
26/11/2009,0.153
27/11/2009,0.161
28/11/2009,0.157
29/11/2009,0.159
30/11/2009,0.168
1/12/2009,0.167
2/12/2009,0.165
3/12/2009,0.163
4/12/2009,0.164
5/12/2009,0.164
6/12/2009,0.169
7/12/2009,0.163
8/12/2009,0.161
9/12/2009,0.199
10/12/2009,0.174
11/12/2009,0.173
12/12/2009,0.178
13/12/2009,0.178
14/12/2009,0.18
15/12/2009,0.186
16/12/2009,0.186
17/12/2009,0.185
18/12/2009,0.245
19/12/2009,0.263
20/12/2009,0.252
21/12/2009,0.273
22/12/2009,0.272
23/12/2009,0.262
24/12/2009,0.257
25/12/2009,0.374
26/12/2009,0.41
27/12/2009,0.415
28/12/2009,0.42
29/12/2009,0.39
30/12/2009,0.406
31/12/2009,0.421
1/01/2010,0.432
2/01/2010,0.493
3/01/2010,0.508
4/01/2010,0.549
5/01/2010,0.578
6/01/2010,0.57
7/01/2010,0.583
8/01/2010,0.621
9/01/2010,0.632
10/01/2010,0.641
11/01/2010,0.698
12/01/2010,0.676
13/01/2010,0.859
14/01/2010,0.966
15/01/2010,0.899
16/01/2010,0.873
17/01/2010,0.869
18/01/2010,0.923
19/01/2010,0.96
20/01/2010,0.983
21/01/2010,0.968
22/01/2010,0.965
23/01/2010,0.964
24/01/2010,1.026
25/01/2010,1.067
26/01/2010,1.036
27/01/2010,0.985
28/01/2010,1.046
29/01/2010,1.076
30/01/2010,1.016
31/01/2010,1.014
1/02/2010,1.019
2/02/2010,1.06
3/02/2010,1.095
4/02/2010,1.131
5/02/2010,1.179
6/02/2010,1.157
7/02/2010,1.172
8/02/2010,1.171
9/02/2010,1.154
10/02/2010,1.141
11/02/2010,1.154
12/02/2010,1.187
13/02/2010,1.239
14/02/2010,1.282
15/02/2010,1.322
16/02/2010,1.341
17/02/2010,1.338
18/02/2010,1.298
19/02/2010,1.292
20/02/2010,1.297
21/02/2010,1.281
22/02/2010,1.3
23/02/2010,1.312
24/02/2010,1.331
25/02/2010,1.349
26/02/2010,1.319
27/02/2010,1.296
28/02/2010,1.268
1/03/2010,1.265
2/03/2010,1.269
3/03/2010,1.281
4/03/2010,1.23
5/03/2010,1.186
6/03/2010,1.179
7/03/2010,1.157
8/03/2010,1.58
9/03/2010,1.861
10/03/2010,1.623
11/03/2010,1.461
12/03/2010,1.333
13/03/2010,1.307
14/03/2010,1.24
15/03/2010,1.21
16/03/2010,0.944
17/03/2010,0.51
18/03/2010,0.494
19/03/2010,0.445
20/03/2010,0.423
21/03/2010,0.397
22/03/2010,0.4
23/03/2010,0.389
24/03/2010,0.397
25/03/2010,0.397
26/03/2010,0.387
27/03/2010,0.378
28/03/2010,0.389
29/03/2010,0.426
30/03/2010,0.456
31/03/2010,0.434
1/04/2010,0.423
2/04/2010,0.409
3/04/2010,0.41
4/04/2010,0.414
5/04/2010,0.413
6/04/2010,0.413
7/04/2010,0.556
8/04/2010,0.474
9/04/2010,0.469
10/04/2010,0.498
11/04/2010,0.484
12/04/2010,0.47
13/04/2010,0.477
14/04/2010,0.469
15/04/2010,0.403
16/04/2010,0.265
17/04/2010,0.198
18/04/2010,0.196
19/04/2010,0.197
20/04/2010,0.192
21/04/2010,0.195
22/04/2010,0.196
23/04/2010,0.189
24/04/2010,0.189
25/04/2010,0.194
26/04/2010,0.192
27/04/2010,0.193
28/04/2010,0.194
29/04/2010,0.197
30/04/2010,0.202
1/05/2010,0.198
2/05/2010,0.199
3/05/2010,0.2
4/05/2010,0.199
5/05/2010,0.198
6/05/2010,0.199
7/05/2010,0.199
8/05/2010,0.206
9/05/2010,0.205
10/05/2010,0.201
11/05/2010,0.204
12/05/2010,0.207
13/05/2010,0.22
14/05/2010,0.242
15/05/2010,0.237
16/05/2010,0.244
17/05/2010,0.254
18/05/2010,0.247
19/05/2010,0.187
20/05/2010,0.127
21/05/2010,0.13
22/05/2010,0.134
23/05/2010,0.134
24/05/2010,0.145
25/05/2010,0.187
26/05/2010,0.259
27/05/2010,0.158
28/05/2010,0.153
29/05/2010,0.164
30/05/2010,0.171
31/05/2010,0.161
1/06/2010,0.159
2/06/2010,0.157
3/06/2010,0.157
4/06/2010,0.159
5/06/2010,0.16
6/06/2010,0.16
7/06/2010,0.161
8/06/2010,0.162
9/06/2010,0.166
10/06/2010,0.167
11/06/2010,0.167
12/06/2010,0.169
13/06/2010,0.172
14/06/2010,0.175
15/06/2010,0.174
16/06/2010,0.174
17/06/2010,0.177
18/06/2010,0.18
19/06/2010,0.182
20/06/2010,0.184
21/06/2010,0.186
22/06/2010,0.183
23/06/2010,0.175
24/06/2010,0.174
25/06/2010,0.175
26/06/2010,0.177
27/06/2010,0.181
28/06/2010,0.18
29/06/2010,0.179
30/06/2010,0.179
1/07/2010,0.183
2/07/2010,0.184
3/07/2010,0.186
4/07/2010,0.186
5/07/2010,0.186
6/07/2010,0.192
7/07/2010,0.193
8/07/2010,0.194
9/07/2010,0.194
10/07/2010,0.199
11/07/2010,0.227
12/07/2010,0.215
13/07/2010,0.217
14/07/2010,0.249
15/07/2010,0.266
16/07/2010,0.247
17/07/2010,0.199
18/07/2010,0.2
19/07/2010,0.217
20/07/2010,0.238
21/07/2010,0.241
22/07/2010,0.241
23/07/2010,0.25
24/07/2010,0.282
25/07/2010,0.278
26/07/2010,0.266
27/07/2010,0.266
28/07/2010,0.29
29/07/2010,0.312
30/07/2010,0.333
31/07/2010,0.33
1/08/2010,0.333
2/08/2010,0.405
3/08/2010,0.389
4/08/2010,0.386
5/08/2010,0.387
6/08/2010,0.376
7/08/2010,0.371
8/08/2010,0.372
9/08/2010,0.378
10/08/2010,0.635
11/08/2010,0.459
12/08/2010,0.436
13/08/2010,0.429
14/08/2010,0.429
15/08/2010,0.432
16/08/2010,0.451
17/08/2010,0.44
18/08/2010,0.444
19/08/2010,0.505
20/08/2010,0.47
21/08/2010,0.471
22/08/2010,0.484
23/08/2010,0.489
24/08/2010,0.498
25/08/2010,0.473
26/08/2010,0.494
27/08/2010,0.548
28/08/2010,0.482
29/08/2010,0.484
30/08/2010,0.493
31/08/2010,0.49
1/09/2010,0.491
2/09/2010,0.505
3/09/2010,0.522
4/09/2010,0.654
5/09/2010,0.806
6/09/2010,0.631
7/09/2010,0.618
8/09/2010,0.617
9/09/2010,0.629
10/09/2010,0.664
11/09/2010,0.641
12/09/2010,0.624
13/09/2010,0.607
14/09/2010,0.817
15/09/2010,0.751
16/09/2010,0.668
17/09/2010,0.655
18/09/2010,0.647
19/09/2010,0.65
20/09/2010,0.657
21/09/2010,0.658
22/09/2010,0.669
23/09/2010,0.667
24/09/2010,0.667
25/09/2010,0.669
26/09/2010,0.658
27/09/2010,0.654
28/09/2010,0.658
29/09/2010,0.665
30/09/2010,0.671
1/10/2010,0.671
2/10/2010,0.672
3/10/2010,0.662
4/10/2010,0.659
5/10/2010,0.655
6/10/2010,0.643
7/10/2010,0.635
8/10/2010,0.635
9/10/2010,0.643
10/10/2010,0.654
11/10/2010,0.654
12/10/2010,0.656
13/10/2010,0.668
14/10/2010,0.85
15/10/2010,0.761
16/10/2010,0.78
17/10/2010,0.775
18/10/2010,0.771
19/10/2010,0.774
20/10/2010,0.753
21/10/2010,0.754
22/10/2010,0.752
23/10/2010,0.757
24/10/2010,0.803
25/10/2010,0.787
26/10/2010,0.776
27/10/2010,0.754
28/10/2010,0.76
29/10/2010,0.771
30/10/2010,0.822
31/10/2010,0.869
1/11/2010,0.858
2/11/2010,0.838
3/11/2010,0.855
4/11/2010,0.857
5/11/2010,0.861
6/11/2010,0.864
7/11/2010,0.866
8/11/2010,0.878
9/11/2010,0.874
10/11/2010,0.878
11/11/2010,0.859
12/11/2010,0.837
13/11/2010,0.88
14/11/2010,1.077
15/11/2010,0.965
16/11/2010,0.941
17/11/2010,0.921
18/11/2010,0.911
19/11/2010,0.9
20/11/2010,0.886
21/11/2010,0.883
22/11/2010,0.853
23/11/2010,0.832
24/11/2010,0.796
25/11/2010,0.822
26/11/2010,0.841
27/11/2010,0.827
28/11/2010,0.833
29/11/2010,0.823
30/11/2010,0.803
1/12/2010,0.814
2/12/2010,0.872
3/12/2010,0.881
4/12/2010,0.852
5/12/2010,0.808
6/12/2010,0.806
7/12/2010,0.831
8/12/2010,10.718
9/12/2010,392.704
10/12/2010,95.682
11/12/2010,14.069
12/12/2010,2.302
13/12/2010,1.597
14/12/2010,1.264
15/12/2010,1.154
16/12/2010,1.098
17/12/2010,1.051
18/12/2010,1.024
19/12/2010,1.005
20/12/2010,1.023
21/12/2010,0.995
22/12/2010,0.981
23/12/2010,0.96
24/12/2010,0.942
25/12/2010,0.93
26/12/2010,0.928
27/12/2010,0.923
28/12/2010,0.907
29/12/2010,0.918
30/12/2010,0.907
31/12/2010,0.901
1/01/2011,0.895
2/01/2011,0.908
3/01/2011,0.899
4/01/2011,0.887
5/01/2011,0.881
6/01/2011,0.87
7/01/2011,0.864
8/01/2011,0.86
9/01/2011,0.875
10/01/2011,0.878
11/01/2011,0.862
12/01/2011,0.88
13/01/2011,0.9
14/01/2011,0.943
15/01/2011,0.937
16/01/2011,0.878
17/01/2011,0.865
18/01/2011,0.851
19/01/2011,0.855
20/01/2011,0.843
21/01/2011,0.832
22/01/2011,0.822
23/01/2011,0.82
24/01/2011,0.816
25/01/2011,0.81
26/01/2011,0.807
27/01/2011,1.325
28/01/2011,0.771
29/01/2011,0.769
30/01/2011,0.767
31/01/2011,0.758
1/02/2011,0.76
2/02/2011,0.749
3/02/2011,0.758
4/02/2011,0.779
5/02/2011,56.044
6/02/2011,9.859
7/02/2011,1.111
8/02/2011,1.022
9/02/2011,0.986
10/02/2011,0.973
11/02/2011,0.954
12/02/2011,0.971
13/02/2011,0.998
14/02/2011,0.961
15/02/2011,0.939
16/02/2011,40.978
17/02/2011,11.851
18/02/2011,1.712
19/02/2011,1.741
20/02/2011,1.503
21/02/2011,1.278
22/02/2011,1.225
23/02/2011,1.206
24/02/2011,1.201
25/02/2011,1.198
26/02/2011,1.195
27/02/2011,1.174
28/02/2011,1.164
1/03/2011,1.149
2/03/2011,1.122
3/03/2011,1.11
4/03/2011,1.11
5/03/2011,1.091
6/03/2011,1.075
7/03/2011,1.069
8/03/2011,1.06
9/03/2011,1.093
10/03/2011,1.145
11/03/2011,1.118
12/03/2011,1.093
13/03/2011,1.078
14/03/2011,1.084
15/03/2011,1.085
16/03/2011,1.071
17/03/2011,1.055
18/03/2011,1.05
19/03/2011,1.066
20/03/2011,1.064
21/03/2011,1.722
22/03/2011,1.378
23/03/2011,1.196
24/03/2011,1.196
25/03/2011,1.168
26/03/2011,1.136
27/03/2011,1.13
28/03/2011,1.15
29/03/2011,1.15
30/03/2011,1.145
31/03/2011,1.143
1/04/2011,1.126
2/04/2011,1.116
3/04/2011,1.103
4/04/2011,1.101
5/04/2011,1.106
6/04/2011,1.104
7/04/2011,1.1
8/04/2011,1.095
9/04/2011,1.091
10/04/2011,1.108
11/04/2011,1.133
12/04/2011,1.134
13/04/2011,1.131
14/04/2011,1.129
15/04/2011,1.144
16/04/2011,1.142
17/04/2011,1.117
18/04/2011,1.114
19/04/2011,1.102
20/04/2011,1.094
21/04/2011,1.095
22/04/2011,1.091
23/04/2011,1.091
24/04/2011,1.078
25/04/2011,1.07
26/04/2011,1.068
27/04/2011,1.065
28/04/2011,1.07
29/04/2011,1.071
30/04/2011,1.065
1/05/2011,1.065
2/05/2011,1.087
3/05/2011,1.108
4/05/2011,1.09
5/05/2011,1.074
6/05/2011,1.076
7/05/2011,1.083
8/05/2011,1.084
9/05/2011,1.082
10/05/2011,1.079
11/05/2011,1.082
12/05/2011,1.097
13/05/2011,1.111
14/05/2011,1.114
15/05/2011,1.091
16/05/2011,1.077
17/05/2011,1.082
18/05/2011,1.097
19/05/2011,1.106
20/05/2011,1.094
21/05/2011,1.093
22/05/2011,1.099
23/05/2011,1.156
24/05/2011,1.15
25/05/2011,1.139
26/05/2011,1.12
27/05/2011,1.111
28/05/2011,1.12
29/05/2011,1.106
30/05/2011,1.104
31/05/2011,1.101
1/06/2011,1.097
2/06/2011,1.098
3/06/2011,1.097
4/06/2011,1.104
5/06/2011,1.126
6/06/2011,1.101
7/06/2011,1.107
8/06/2011,1.111
9/06/2011,1.103
10/06/2011,1.113
11/06/2011,1.111
12/06/2011,1.107
13/06/2011,1.115
14/06/2011,1.121
15/06/2011,1.119
16/06/2011,1.12
17/06/2011,1.128
18/06/2011,1.133
19/06/2011,1.137
20/06/2011,1.13
21/06/2011,1.124
22/06/2011,1.185
23/06/2011,1.13
24/06/2011,1.14
25/06/2011,1.121
26/06/2011,1.114
27/06/2011,1.111
28/06/2011,1.108
29/06/2011,1.113
30/06/2011,1.121
1/07/2011,1.115
2/07/2011,1.104
3/07/2011,1.135
4/07/2011,1.164
5/07/2011,1.119
6/07/2011,1.225
7/07/2011,1.153
8/07/2011,1.17
9/07/2011,1.103
10/07/2011,1.11
11/07/2011,1.116
12/07/2011,1.111
13/07/2011,1.115
14/07/2011,1.127
15/07/2011,1.123
16/07/2011,1.118
17/07/2011,1.131
18/07/2011,1.138
19/07/2011,1.138
20/07/2011,1.131
21/07/2011,1.139
22/07/2011,1.142
23/07/2011,1.142
24/07/2011,1.143
25/07/2011,1.149
26/07/2011,1.148
27/07/2011,1.137
28/07/2011,1.137
29/07/2011,1.139
30/07/2011,1.144
31/07/2011,1.157
1/08/2011,1.133
2/08/2011,1.111
3/08/2011,1.101
4/08/2011,1.124
5/08/2011,1.126
6/08/2011,1.254
7/08/2011,1.155
8/08/2011,1.195
9/08/2011,1.182
10/08/2011,1.163
11/08/2011,1.177
12/08/2011,1.168
13/08/2011,1.157
14/08/2011,1.154
15/08/2011,1.147
16/08/2011,1.15
17/08/2011,1.179
18/08/2011,1.214
19/08/2011,1.181
20/08/2011,1.168
21/08/2011,1.162
22/08/2011,1.161
23/08/2011,1.148
24/08/2011,1.143
25/08/2011,1.152
26/08/2011,1.155
27/08/2011,1.155
28/08/2011,1.154
29/08/2011,1.15
30/08/2011,1.153
31/08/2011,1.152
1/09/2011,1.152
2/09/2011,1.163
3/09/2011,1.176
4/09/2011,1.173
5/09/2011,1.169
6/09/2011,1.168
7/09/2011,1.174
8/09/2011,1.175
9/09/2011,1.18
10/09/2011,1.181
11/09/2011,1.184
12/09/2011,1.195
13/09/2011,1.183
14/09/2011,1.178
15/09/2011,1.181
16/09/2011,1.174
17/09/2011,1.171
18/09/2011,1.171
19/09/2011,1.169
20/09/2011,1.169
21/09/2011,1.169
22/09/2011,1.158
23/09/2011,1.147
24/09/2011,1.145
25/09/2011,1.152
26/09/2011,1.155
27/09/2011,1.157
28/09/2011,1.154
29/09/2011,1.175
30/09/2011,1.252
1/10/2011,1.199
2/10/2011,1.208
3/10/2011,1.193
4/10/2011,1.191
5/10/2011,1.204
6/10/2011,1.492
7/10/2011,1.274
8/10/2011,1.256
9/10/2011,1.243
10/10/2011,1.241
11/10/2011,1.244
12/10/2011,1.232
13/10/2011,1.224
14/10/2011,1.217
15/10/2011,1.306
16/10/2011,1.284
17/10/2011,1.235
18/10/2011,1.234
19/10/2011,1.228
20/10/2011,1.22
21/10/2011,1.222
22/10/2011,1.317
23/10/2011,1.282
24/10/2011,1.229
25/10/2011,1.351
26/10/2011,1.287
27/10/2011,1.237
28/10/2011,1.233
29/10/2011,1.232
30/10/2011,1.231
31/10/2011,1.215
1/11/2011,1.216
2/11/2011,1.23
3/11/2011,1.239
4/11/2011,1.249
5/11/2011,1.245
6/11/2011,1.233
7/11/2011,1.248
8/11/2011,1.246
9/11/2011,1.363
10/11/2011,1.288
11/11/2011,1.261
12/11/2011,1.235
13/11/2011,1.233
14/11/2011,1.226
15/11/2011,1.216
16/11/2011,1.213
17/11/2011,1.221
18/11/2011,1.213
19/11/2011,1.203
20/11/2011,1.305
21/11/2011,1.266
22/11/2011,1.208
23/11/2011,1.206
24/11/2011,1.201
25/11/2011,1.197
26/11/2011,1.404
27/11/2011,1.313
28/11/2011,1.259
29/11/2011,1.239
30/11/2011,1.243
1/12/2011,1.223
2/12/2011,1.208
3/12/2011,1.217
4/12/2011,1.224
5/12/2011,1.221
6/12/2011,1.222
7/12/2011,1.21
8/12/2011,1.199
9/12/2011,1.212
10/12/2011,1.34
11/12/2011,1.332
12/12/2011,1.24
13/12/2011,1.228
14/12/2011,1.228
15/12/2011,1.216
16/12/2011,1.192
17/12/2011,1.176
18/12/2011,4.827
19/12/2011,3.511
20/12/2011,1.421
21/12/2011,1.356
22/12/2011,1.33
23/12/2011,1.294
24/12/2011,1.28
25/12/2011,1.264
26/12/2011,1.27
27/12/2011,1.255
28/12/2011,1.251
29/12/2011,1.25
30/12/2011,1.225
31/12/2011,1.221
1/01/2012,1.212
2/01/2012,1.207
3/01/2012,1.198
4/01/2012,1.208
5/01/2012,1.195
6/01/2012,1.191
7/01/2012,1.19
8/01/2012,1.242
9/01/2012,1.304
10/01/2012,1.21
11/01/2012,1.207
12/01/2012,1.206
13/01/2012,1.201
14/01/2012,1.214
15/01/2012,1.213
16/01/2012,1.21
17/01/2012,1.201
18/01/2012,1.192
19/01/2012,1.197
20/01/2012,1.175
21/01/2012,1.186
22/01/2012,1.185
23/01/2012,1.174
24/01/2012,1.173
25/01/2012,1.167
26/01/2012,1.161
27/01/2012,1.157
28/01/2012,1.158
29/01/2012,1.189
30/01/2012,1.254
31/01/2012,1.238
1/02/2012,1.189
2/02/2012,1.181
3/02/2012,1.164
4/02/2012,1.146
5/02/2012,1.137
6/02/2012,1.147
7/02/2012,1.144
8/02/2012,1.149
9/02/2012,1.043
10/02/2012,1.004
11/02/2012,1.017
12/02/2012,1.036
13/02/2012,1.027
14/02/2012,1.014
15/02/2012,1.031
16/02/2012,1.115
17/02/2012,1.166
18/02/2012,1.153
19/02/2012,1.152
20/02/2012,1.156
21/02/2012,1.177
22/02/2012,1.164
23/02/2012,1.137
24/02/2012,1.121
25/02/2012,1.111
26/02/2012,1.103
27/02/2012,1.108
28/02/2012,1.166
29/02/2012,1.164
1/03/2012,1.644
2/03/2012,1.403
3/03/2012,1.23
4/03/2012,1.232
5/03/2012,1.216
6/03/2012,1.2
7/03/2012,1.196
8/03/2012,1.196
9/03/2012,1.201
10/03/2012,1.187
11/03/2012,1.189
12/03/2012,1.184
13/03/2012,1.169
14/03/2012,1.159
15/03/2012,1.186
16/03/2012,1.228
17/03/2012,1.212
18/03/2012,1.171
19/03/2012,1.156
20/03/2012,1.155
21/03/2012,1.149
22/03/2012,1.145
23/03/2012,1.151
24/03/2012,1.159
25/03/2012,1.156
26/03/2012,1.149
27/03/2012,1.131
28/03/2012,1.12
29/03/2012,1.111
30/03/2012,1.103
31/03/2012,1.099
1/04/2012,1.108
2/04/2012,1.109
3/04/2012,1.108
4/04/2012,1.11
5/04/2012,1.104
6/04/2012,1.095
7/04/2012,1.091
8/04/2012,1.093
9/04/2012,1.1
10/04/2012,1.111
11/04/2012,1.098
12/04/2012,1.101
13/04/2012,1.106
14/04/2012,1.103
15/04/2012,1.102
16/04/2012,1.095
17/04/2012,1.098
18/04/2012,1.093
19/04/2012,1.09
20/04/2012,1.088
21/04/2012,1.084
22/04/2012,1.101
23/04/2012,1.12
24/04/2012,1.125
25/04/2012,1.129
26/04/2012,1.123
27/04/2012,1.128
28/04/2012,1.125
29/04/2012,1.122
30/04/2012,1.12
1/05/2012,1.12
2/05/2012,1.124
3/05/2012,1.13
4/05/2012,1.121
5/05/2012,1.125
6/05/2012,1.128
7/05/2012,1.138
8/05/2012,1.13
9/05/2012,1.109
10/05/2012,1.105
11/05/2012,1.109
12/05/2012,1.115
13/05/2012,1.116
14/05/2012,1.117
15/05/2012,1.118
16/05/2012,1.118
17/05/2012,1.122
18/05/2012,1.119
19/05/2012,1.114
20/05/2012,1.115
21/05/2012,1.122
22/05/2012,1.118
23/05/2012,1.114
24/05/2012,1.111
25/05/2012,1.181
26/05/2012,1.165
27/05/2012,1.16
28/05/2012,1.158
29/05/2012,1.146
30/05/2012,1.15
31/05/2012,1.149
1/06/2012,1.149
2/06/2012,1.179
3/06/2012,1.168
4/06/2012,1.168
5/06/2012,1.201
6/06/2012,1.18
7/06/2012,1.167
8/06/2012,1.164
9/06/2012,1.167
10/06/2012,1.173
11/06/2012,1.175
12/06/2012,1.171
13/06/2012,1.179
14/06/2012,1.173
15/06/2012,1.191
16/06/2012,1.186
17/06/2012,1.165
18/06/2012,1.158
19/06/2012,1.163
20/06/2012,1.166
21/06/2012,1.153
22/06/2012,1.164
23/06/2012,1.234
24/06/2012,1.166
25/06/2012,1.153
26/06/2012,1.144
27/06/2012,1.149
28/06/2012,1.146
29/06/2012,1.149
30/06/2012,1.151
1/07/2012,1.149
2/07/2012,1.141
3/07/2012,1.137
4/07/2012,1.13
5/07/2012,1.125
6/07/2012,1.126
7/07/2012,1.119
8/07/2012,1.116
9/07/2012,1.117
10/07/2012,1.267
11/07/2012,1.188
12/07/2012,1.158
13/07/2012,1.199
14/07/2012,1.172
15/07/2012,1.183
16/07/2012,1.163
17/07/2012,1.155
18/07/2012,1.155
19/07/2012,1.151
20/07/2012,1.15
21/07/2012,1.128
22/07/2012,1.112
23/07/2012,1.113
24/07/2012,1.124
25/07/2012,1.117
26/07/2012,1.115
27/07/2012,1.132
28/07/2012,1.129
29/07/2012,1.123
30/07/2012,1.115
31/07/2012,1.107
1/08/2012,1.107
2/08/2012,1.107
3/08/2012,1.113
4/08/2012,1.112
5/08/2012,1.108
6/08/2012,1.104
7/08/2012,1.105
8/08/2012,1.098
9/08/2012,1.091
10/08/2012,1.089
11/08/2012,1.09
12/08/2012,1.085
13/08/2012,1.089
14/08/2012,1.09
15/08/2012,1.094
16/08/2012,1.096
17/08/2012,1.123
18/08/2012,1.161
19/08/2012,1.106
20/08/2012,1.107
21/08/2012,1.114
22/08/2012,1.11
23/08/2012,1.111
24/08/2012,1.15
25/08/2012,1.131
26/08/2012,1.128
27/08/2012,1.125
28/08/2012,1.125
29/08/2012,1.117
30/08/2012,1.124
31/08/2012,1.119
1/09/2012,1.11
2/09/2012,1.114
3/09/2012,1.111
4/09/2012,1.104
5/09/2012,1.1
6/09/2012,1.09
7/09/2012,1.117
8/09/2012,1.14
9/09/2012,1.105
10/09/2012,1.105
11/09/2012,1.099
12/09/2012,1.093
13/09/2012,1.092
14/09/2012,1.097
15/09/2012,1.1
16/09/2012,1.102
17/09/2012,1.101
18/09/2012,1.101
19/09/2012,1.102
20/09/2012,1.103
21/09/2012,1.096
22/09/2012,1.095
23/09/2012,1.089
24/09/2012,1.094
25/09/2012,1.088
26/09/2012,1.086
27/09/2012,1.075
28/09/2012,1.082
29/09/2012,1.077
30/09/2012,1.081
1/10/2012,1.078
2/10/2012,1.083
3/10/2012,1.081
4/10/2012,1.078
5/10/2012,1.065
6/10/2012,1.075
7/10/2012,1.085
8/10/2012,1.071
9/10/2012,1.074
10/10/2012,1.07
11/10/2012,1.088
12/10/2012,1.154
13/10/2012,1.105
14/10/2012,1.1
15/10/2012,1.095
16/10/2012,1.059
17/10/2012,1.074
18/10/2012,1.068
19/10/2012,1.067
20/10/2012,1.06
21/10/2012,1.059
22/10/2012,1.065
23/10/2012,1.056
24/10/2012,1.043
25/10/2012,1.05
26/10/2012,1.06
27/10/2012,1.065
28/10/2012,1.064
29/10/2012,1.059
30/10/2012,1.055
31/10/2012,1.044
1/11/2012,1.036
2/11/2012,1.046
3/11/2012,1.048
4/11/2012,1.056
5/11/2012,1.045
6/11/2012,1.068
7/11/2012,1.072
8/11/2012,1.04
9/11/2012,1.044
10/11/2012,1.04
11/11/2012,1.041
12/11/2012,1.03
13/11/2012,1.03
14/11/2012,1.037
15/11/2012,1.04
16/11/2012,1.068
17/11/2012,1.079
18/11/2012,1.06
19/11/2012,1.052
20/11/2012,1.054
21/11/2012,1.037
22/11/2012,1.053
23/11/2012,1.053
24/11/2012,1.059
25/11/2012,1.051
26/11/2012,1.048
27/11/2012,1.055
28/11/2012,1.054
29/11/2012,1.045
30/11/2012,1.043
1/12/2012,1.077
2/12/2012,1.082
3/12/2012,1.073
4/12/2012,1.076
5/12/2012,1.08
6/12/2012,1.076
7/12/2012,1.074
8/12/2012,1.069
9/12/2012,1.046
10/12/2012,1.035
11/12/2012,1.043
12/12/2012,1.042
13/12/2012,1.045
14/12/2012,1.057
15/12/2012,1.111
16/12/2012,1.134
17/12/2012,1.09
18/12/2012,1.06
19/12/2012,1.052
20/12/2012,1.043
21/12/2012,1.027
22/12/2012,1.04
23/12/2012,1.04
24/12/2012,1.034
25/12/2012,1.043
26/12/2012,1.04
27/12/2012,1.045
28/12/2012,1.053
29/12/2012,1.066
30/12/2012,1.079
31/12/2012,1.093
1/01/2013,1.096
2/01/2013,1.097
3/01/2013,1.118
4/01/2013,1.102
5/01/2013,1.093
6/01/2013,1.107
7/01/2013,1.126
8/01/2013,1.145
9/01/2013,1.145
10/01/2013,1.158
11/01/2013,1.177
12/01/2013,1.112
13/01/2013,1.109
14/01/2013,1.158
15/01/2013,1.137
16/01/2013,1.054
17/01/2013,1.03
18/01/2013,1.005
19/01/2013,0.981
20/01/2013,0.951
21/01/2013,0.932
22/01/2013,0.925
23/01/2013,0.92
24/01/2013,0.916
25/01/2013,0.905
26/01/2013,0.903
27/01/2013,0.904
28/01/2013,0.923
29/01/2013,0.925
30/01/2013,0.944
31/01/2013,0.968
1/02/2013,0.994
2/02/2013,1.002
3/02/2013,1
4/02/2013,1.016
5/02/2013,1.033
6/02/2013,1.021
7/02/2013,1.018
8/02/2013,1.029
9/02/2013,1.037
10/02/2013,1.049
11/02/2013,1.069
12/02/2013,1.096
13/02/2013,1.103
14/02/2013,1.072
15/02/2013,1.024
16/02/2013,1.018
17/02/2013,1.02
18/02/2013,1.007
19/02/2013,1.019
20/02/2013,1.041
21/02/2013,1.048
22/02/2013,1.148
23/02/2013,1.149
24/02/2013,1.087
25/02/2013,1.064
26/02/2013,1.045
27/02/2013,1.099
28/02/2013,1.282
1/03/2013,1.173
2/03/2013,1.075
3/03/2013,1.035
4/03/2013,1.029
5/03/2013,1.041
6/03/2013,1.05
7/03/2013,1.048
8/03/2013,1.049
9/03/2013,1.035
10/03/2013,1.012
11/03/2013,1.03
12/03/2013,1.035
13/03/2013,1.052
14/03/2013,1.051
15/03/2013,1.075
16/03/2013,1.112
17/03/2013,1.122
18/03/2013,1.149
19/03/2013,1.171
20/03/2013,1.173
21/03/2013,1.16
22/03/2013,1.184
23/03/2013,1.193
24/03/2013,1.211
25/03/2013,1.204
26/03/2013,1.224
27/03/2013,1.222
28/03/2013,1.181
29/03/2013,1.165
30/03/2013,1.168
31/03/2013,1.187
1/04/2013,1.182
2/04/2013,1.139
3/04/2013,1.145
4/04/2013,1.117
5/04/2013,1.073
6/04/2013,1.075
7/04/2013,1.07
8/04/2013,1.075
9/04/2013,1.098
10/04/2013,1.131
11/04/2013,1.139
12/04/2013,1.149
13/04/2013,1.169
14/04/2013,1.165
15/04/2013,1.177
16/04/2013,1.195
17/04/2013,1.199
18/04/2013,1.221
19/04/2013,1.224
20/04/2013,1.245
21/04/2013,1.279
22/04/2013,1.459
23/04/2013,1.392
24/04/2013,1.357
25/04/2013,1.38
26/04/2013,1.395
27/04/2013,1.409
28/04/2013,1.403
29/04/2013,1.379
30/04/2013,1.72
1/05/2013,1.749
2/05/2013,1.574
3/05/2013,1.552
4/05/2013,1.562
5/05/2013,1.533
6/05/2013,1.531
7/05/2013,1.543
8/05/2013,1.553
9/05/2013,1.529
10/05/2013,1.545
11/05/2013,1.523
12/05/2013,1.535
13/05/2013,1.533
14/05/2013,1.502
15/05/2013,1.493
16/05/2013,1.547
17/05/2013,1.56
18/05/2013,1.527
19/05/2013,1.508
20/05/2013,1.487
21/05/2013,1.484
22/05/2013,1.494
23/05/2013,2.76
24/05/2013,4.26
25/05/2013,1.014
26/05/2013,0.953
27/05/2013,0.944
28/05/2013,0.913
29/05/2013,0.891
30/05/2013,0.883
31/05/2013,0.9
1/06/2013,1.651
2/06/2013,1.138
3/06/2013,0.964
4/06/2013,0.922
5/06/2013,0.906
6/06/2013,0.907
7/06/2013,0.907
8/06/2013,0.904
9/06/2013,0.907
10/06/2013,0.915
11/06/2013,0.921
12/06/2013,1
13/06/2013,0.969
14/06/2013,0.959
15/06/2013,0.958
16/06/2013,0.953
17/06/2013,0.971
18/06/2013,0.977
19/06/2013,0.988
20/06/2013,1.003
21/06/2013,1.018
22/06/2013,1.06
23/06/2013,1.208
24/06/2013,2.58
25/06/2013,1.274
26/06/2013,1.131
27/06/2013,1.098
28/06/2013,1.086
29/06/2013,1.086
30/06/2013,1.101
1/07/2013,1.111
2/07/2013,1.133
3/07/2013,1.145
4/07/2013,1.157
5/07/2013,1.2
6/07/2013,1.213
7/07/2013,1.184
8/07/2013,1.197
9/07/2013,1.2
10/07/2013,1.208
11/07/2013,1.215
12/07/2013,1.217
13/07/2013,1.263
14/07/2013,1.31
15/07/2013,1.241
16/07/2013,1.235
17/07/2013,1.243
18/07/2013,1.263
19/07/2013,1.295
20/07/2013,1.283
21/07/2013,1.411
22/07/2013,1.311
23/07/2013,1.412
24/07/2013,1.358
25/07/2013,1.375
26/07/2013,1.4
27/07/2013,1.409
28/07/2013,1.418
29/07/2013,1.444
30/07/2013,1.446
31/07/2013,1.478
1/08/2013,1.473
2/08/2013,1.437
3/08/2013,1.458
4/08/2013,1.512
5/08/2013,1.544
6/08/2013,1.491
7/08/2013,1.51
8/08/2013,1.688
9/08/2013,1.603
10/08/2013,1.598
11/08/2013,1.657
12/08/2013,1.735
13/08/2013,1.804
14/08/2013,1.804
15/08/2013,1.861
16/08/2013,1.879
17/08/2013,1.883
18/08/2013,1.911
19/08/2013,1.903
20/08/2013,1.932
21/08/2013,1.95
22/08/2013,1.903
23/08/2013,1.828
24/08/2013,1.805
25/08/2013,1.752
26/08/2013,1.73
27/08/2013,1.743
28/08/2013,1.686
29/08/2013,1.647
30/08/2013,1.606
31/08/2013,1.496
1/09/2013,1.449
2/09/2013,1.336
3/09/2013,1.284
4/09/2013,1.28
5/09/2013,1.253
6/09/2013,1.267
7/09/2013,1.245
8/09/2013,1.225
9/09/2013,1.228
10/09/2013,1.206
11/09/2013,1.214
12/09/2013,1.219
13/09/2013,1.474
14/09/2013,1.633
15/09/2013,1.348
16/09/2013,1.35
17/09/2013,1.457
18/09/2013,1.471
19/09/2013,1.404
20/09/2013,1.374
21/09/2013,1.38
22/09/2013,1.38
23/09/2013,1.38
24/09/2013,1.335
25/09/2013,1.334
26/09/2013,1.361
27/09/2013,1.337
28/09/2013,1.319
29/09/2013,1.313
30/09/2013,1.307
1/10/2013,1.322
2/10/2013,1.493
3/10/2013,1.373
4/10/2013,1.386
5/10/2013,1.364
6/10/2013,1.341
7/10/2013,1.356
8/10/2013,1.375
9/10/2013,1.369
10/10/2013,1.346
11/10/2013,1.319
12/10/2013,1.356
13/10/2013,1.349
14/10/2013,1.332
15/10/2013,1.343
16/10/2013,1.348
17/10/2013,1.332
18/10/2013,1.333
19/10/2013,1.37
20/10/2013,1.364
21/10/2013,1.357
22/10/2013,1.37
23/10/2013,1.418
24/10/2013,1.461
25/10/2013,1.411
26/10/2013,1.365
27/10/2013,1.376
28/10/2013,1.334
29/10/2013,1.309
30/10/2013,1.289
31/10/2013,1.291
1/11/2013,1.277
2/11/2013,1.26
3/11/2013,1.243
4/11/2013,1.285
5/11/2013,1.315
6/11/2013,1.335
7/11/2013,1.3
8/11/2013,1.271
9/11/2013,1.305
10/11/2013,1.317
11/11/2013,1.307
12/11/2013,1.299
13/11/2013,1.296
14/11/2013,1.295
15/11/2013,1.296
16/11/2013,1.315
17/11/2013,1.31
18/11/2013,1.26
19/11/2013,1.23
20/11/2013,1.193
21/11/2013,1.189
22/11/2013,1.191
23/11/2013,1.174
24/11/2013,1.141
25/11/2013,1.128
26/11/2013,1.101
27/11/2013,1.065
28/11/2013,1.05
29/11/2013,1.088
30/11/2013,1.122
1/12/2013,1.091
2/12/2013,1.091
3/12/2013,1.096
4/12/2013,1.093
5/12/2013,1.222
6/12/2013,1.162
7/12/2013,1.146
8/12/2013,1.111
9/12/2013,1.081
10/12/2013,1.145
11/12/2013,1.132
12/12/2013,1.097
13/12/2013,1.082
14/12/2013,1.073
15/12/2013,1.059
16/12/2013,1.055
17/12/2013,1.042
18/12/2013,1.025
19/12/2013,1.017
20/12/2013,1.004
21/12/2013,0.994
22/12/2013,1.023
23/12/2013,1.07
24/12/2013,1.069
25/12/2013,1.047
26/12/2013,1.022
27/12/2013,1.011
28/12/2013,1.018
29/12/2013,0.996
30/12/2013,1
31/12/2013,0.991
1/01/2014,0.964
2/01/2014,0.988
3/01/2014,1.051
4/01/2014,1.108
5/01/2014,1.069
6/01/2014,1.069
7/01/2014,1.064
8/01/2014,1.068
9/01/2014,1.072
10/01/2014,1.067
11/01/2014,1.064
12/01/2014,1.053
13/01/2014,1.068
14/01/2014,1.055
15/01/2014,1.085
16/01/2014,1.089
17/01/2014,1.057
18/01/2014,1.062
19/01/2014,1.095
20/01/2014,1.106
21/01/2014,1.101
22/01/2014,1.104
23/01/2014,1.096
24/01/2014,1.093
25/01/2014,1.176
26/01/2014,1.143
27/01/2014,1.111
28/01/2014,1.094
29/01/2014,1.053
30/01/2014,1.07
31/01/2014,1.063
1/02/2014,1.041
2/02/2014,1.027
3/02/2014,1.009
4/02/2014,1.025
5/02/2014,1.044
6/02/2014,1.031
7/02/2014,1.02
8/02/2014,1.018
9/02/2014,1.009
10/02/2014,0.993
11/02/2014,0.999
12/02/2014,0.981
13/02/2014,0.978
14/02/2014,1.05
15/02/2014,24.982
16/02/2014,4.998
17/02/2014,1.478
18/02/2014,1.329
19/02/2014,1.278
20/02/2014,1.245
21/02/2014,1.229
22/02/2014,1.209
23/02/2014,1.205
24/02/2014,1.198
25/02/2014,1.182
26/02/2014,1.162
27/02/2014,1.149
28/02/2014,1.004
1/03/2014,0.912
2/03/2014,0.895
3/03/2014,0.892
4/03/2014,0.881
5/03/2014,0.871
6/03/2014,0.865
7/03/2014,0.863
8/03/2014,0.862
9/03/2014,0.861
10/03/2014,0.838
11/03/2014,0.833
12/03/2014,0.845
13/03/2014,0.843
14/03/2014,0.843
15/03/2014,0.846
16/03/2014,0.864
17/03/2014,0.878
18/03/2014,0.874
19/03/2014,0.862
20/03/2014,0.861
21/03/2014,0.85
22/03/2014,0.849
23/03/2014,0.853
24/03/2014,0.861
25/03/2014,0.88
26/03/2014,0.879
27/03/2014,0.892
28/03/2014,0.892
29/03/2014,0.879
30/03/2014,0.867
31/03/2014,0.847
1/04/2014,0.832
2/04/2014,0.813
3/04/2014,0.839
4/04/2014,0.843
5/04/2014,0.836
6/04/2014,0.826
7/04/2014,0.833
8/04/2014,0.834
9/04/2014,1.063
10/04/2014,1.769
11/04/2014,1.533
12/04/2014,1.101
13/04/2014,1.052
14/04/2014,1.04
15/04/2014,1.028
16/04/2014,1.029
17/04/2014,1.021
18/04/2014,1.018
19/04/2014,1.021
20/04/2014,1.022
21/04/2014,1.026
22/04/2014,1.01
23/04/2014,1.01
24/04/2014,1.018
25/04/2014,1.002
26/04/2014,0.991
27/04/2014,0.991
28/04/2014,0.979
29/04/2014,0.977
30/04/2014,1.071
1/05/2014,1.025
2/05/2014,1.023
3/05/2014,1.243
4/05/2014,1.216
5/05/2014,1.075
6/05/2014,1.059
7/05/2014,1.067
8/05/2014,1.064
9/05/2014,1.06
10/05/2014,1.311
11/05/2014,1.195
12/05/2014,1.112
13/05/2014,1.103
14/05/2014,1.091
15/05/2014,1.079
16/05/2014,1.077
17/05/2014,1.074
18/05/2014,1.05
19/05/2014,1.06
20/05/2014,1.055
21/05/2014,1.048
22/05/2014,1.042
23/05/2014,1.038
24/05/2014,1.035
25/05/2014,1.037
26/05/2014,1.03
27/05/2014,1.033
28/05/2014,1.066
29/05/2014,1.067
30/05/2014,1.04
31/05/2014,1.061
1/06/2014,1.273
2/06/2014,1.1
3/06/2014,1.089
4/06/2014,1.088
5/06/2014,1.084
6/06/2014,1.082
7/06/2014,1.084
8/06/2014,1.083
9/06/2014,1.088
10/06/2014,1.067
11/06/2014,1.069
12/06/2014,1.075
13/06/2014,1.085
14/06/2014,1.155
15/06/2014,1.146
16/06/2014,1.114
17/06/2014,1.121
18/06/2014,1.114
19/06/2014,1.114
20/06/2014,1.116
21/06/2014,1.129
22/06/2014,1.151
23/06/2014,1.136
24/06/2014,1.206
25/06/2014,1.274
26/06/2014,1.19
27/06/2014,1.162
28/06/2014,1.166
29/06/2014,1.246
30/06/2014,76.953
1/07/2014,99.117
2/07/2014,37.125
3/07/2014,7.62
4/07/2014,3.351
5/07/2014,2.913
6/07/2014,2.656
7/07/2014,2.493
8/07/2014,2.358
9/07/2014,2.3
10/07/2014,2.293
11/07/2014,138.741
12/07/2014,224.144
13/07/2014,71.365
14/07/2014,47.968
15/07/2014,41.361
16/07/2014,20.398
17/07/2014,13.697
18/07/2014,12.351
19/07/2014,11.258
20/07/2014,10.644
21/07/2014,10.421
22/07/2014,10.304
23/07/2014,10.124
24/07/2014,10.344
25/07/2014,10.677
26/07/2014,9.846
27/07/2014,9.699
28/07/2014,9.748
29/07/2014,9.69
30/07/2014,9.638
31/07/2014,9.651
1/08/2014,9.654
2/08/2014,10.427
3/08/2014,9.485
4/08/2014,9.532
5/08/2014,9.661
6/08/2014,9.679
7/08/2014,9.746
8/08/2014,9.665
9/08/2014,9.743
10/08/2014,9.783
11/08/2014,9.81
12/08/2014,9.798
13/08/2014,9.774
14/08/2014,9.787
15/08/2014,9.86
16/08/2014,10.077
17/08/2014,10.623
18/08/2014,10.324
19/08/2014,10.076
20/08/2014,9.964
21/08/2014,10.017
22/08/2014,10.009
23/08/2014,9.912
24/08/2014,9.896
25/08/2014,9.901
26/08/2014,9.974
27/08/2014,10.071
28/08/2014,10.105
29/08/2014,10.158
30/08/2014,10.186
31/08/2014,10.249
1/09/2014,10.355
2/09/2014,10.6
3/09/2014,10.404
4/09/2014,10.354
5/09/2014,10.619
6/09/2014,10.474
7/09/2014,10.236
8/09/2014,10.264
9/09/2014,10.386
10/09/2014,10.672
11/09/2014,10.489
12/09/2014,10.337
13/09/2014,10.382
14/09/2014,10.39
15/09/2014,10.283
16/09/2014,10.462
17/09/2014,10.502
18/09/2014,10.439
19/09/2014,10.531
20/09/2014,10.747
21/09/2014,10.711
22/09/2014,11.053
23/09/2014,11.404
24/09/2014,11.524
25/09/2014,11.796
26/09/2014,11.152
27/09/2014,11.155
28/09/2014,11.349
29/09/2014,11.055
30/09/2014,10.924
1/10/2014,10.794
2/10/2014,10.726
3/10/2014,10.913
4/10/2014,11.234
5/10/2014,11.19
6/10/2014,11.078
7/10/2014,11.024
8/10/2014,10.834
9/10/2014,10.867
10/10/2014,10.855
11/10/2014,10.659
12/10/2014,10.737
13/10/2014,10.675
14/10/2014,10.618
15/10/2014,10.666
16/10/2014,10.716
17/10/2014,10.753
18/10/2014,10.703
19/10/2014,10.549
20/10/2014,10.351
21/10/2014,10.283
22/10/2014,10.17
23/10/2014,10.07
24/10/2014,10.191
25/10/2014,9.974
26/10/2014,9.871
27/10/2014,10.396
28/10/2014,10.393
29/10/2014,10.229
30/10/2014,10.15
31/10/2014,10.228
1/11/2014,10.096
2/11/2014,10.211
3/11/2014,10.121
4/11/2014,9.823
5/11/2014,9.628
6/11/2014,9.633
7/11/2014,9.607
8/11/2014,9.257
9/11/2014,9.192
10/11/2014,9.157
11/11/2014,8.949
12/11/2014,8.911
13/11/2014,8.734
14/11/2014,8.528
15/11/2014,8.576
16/11/2014,9.108
17/11/2014,8.871
18/11/2014,8.406
19/11/2014,8.217
20/11/2014,7.895
21/11/2014,9.004
22/11/2014,8.878
23/11/2014,7.986
24/11/2014,7.799
25/11/2014,7.827
26/11/2014,7.597
27/11/2014,7.608
28/11/2014,7.546
29/11/2014,7.333
30/11/2014,7.216
1/12/2014,7.063
2/12/2014,7.093
3/12/2014,7.025
4/12/2014,6.845
5/12/2014,6.592
6/12/2014,6.559
7/12/2014,6.62
8/12/2014,6.654
9/12/2014,6.432
10/12/2014,6.177
11/12/2014,6.677
12/12/2014,7.041
13/12/2014,6.187
14/12/2014,5.859
15/12/2014,5.679
16/12/2014,5.692
17/12/2014,5.664
18/12/2014,5.791
19/12/2014,5.747
20/12/2014,5.731
21/12/2014,5.685
22/12/2014,5.586
23/12/2014,5.874
24/12/2014,6.039
25/12/2014,5.574
26/12/2014,5.389
27/12/2014,5.245
28/12/2014,5.137
29/12/2014,4.977
30/12/2014,4.938
31/12/2014,5.025
1/01/2015,4.942
2/01/2015,4.705
3/01/2015,4.527
4/01/2015,4.65
5/01/2015,4.873
6/01/2015,4.506
7/01/2015,4.166
8/01/2015,4.141
9/01/2015,4.843
10/01/2015,4.989
11/01/2015,7.098
12/01/2015,5.483
13/01/2015,6.908
14/01/2015,8.149
15/01/2015,5.392
16/01/2015,4.955
17/01/2015,4.675
18/01/2015,4.646
19/01/2015,4.551
20/01/2015,4.5
21/01/2015,4.561
22/01/2015,4.426
23/01/2015,4.204
24/01/2015,4.122
25/01/2015,4.065
26/01/2015,4.018
27/01/2015,4.033
28/01/2015,4.098
29/01/2015,4.153
30/01/2015,4.175
31/01/2015,4.15
1/02/2015,4.149
2/02/2015,4.249
3/02/2015,4.321
4/02/2015,4.303
5/02/2015,4.355
6/02/2015,4.229
7/02/2015,4.091
8/02/2015,4.207
9/02/2015,4.172
10/02/2015,4.146
11/02/2015,4.017
12/02/2015,3.927
13/02/2015,4.06
14/02/2015,4.245
15/02/2015,4.237
16/02/2015,3.929
17/02/2015,4.137
18/02/2015,4.122
19/02/2015,4.079
20/02/2015,3.992
21/02/2015,3.882
22/02/2015,3.841
23/02/2015,3.81
24/02/2015,3.794
25/02/2015,3.706
26/02/2015,3.711
27/02/2015,3.667
28/02/2015,3.705
1/03/2015,3.683
2/03/2015,3.552
3/03/2015,3.565
4/03/2015,3.53
5/03/2015,3.52
6/03/2015,3.545
7/03/2015,3.497
8/03/2015,3.567
9/03/2015,3.528
10/03/2015,3.48
11/03/2015,3.442
12/03/2015,3.336
13/03/2015,3.303
14/03/2015,3.323
15/03/2015,3.249
16/03/2015,3.334
17/03/2015,3.294
18/03/2015,3.243
19/03/2015,3.169
20/03/2015,3.109
21/03/2015,3.04
22/03/2015,2.99
23/03/2015,2.965
24/03/2015,3.011
25/03/2015,3.047
26/03/2015,3.054
27/03/2015,2.959
28/03/2015,2.949
29/03/2015,2.953
30/03/2015,2.951
31/03/2015,2.823
1/04/2015,2.726
2/04/2015,2.698
3/04/2015,2.781
4/04/2015,2.766
5/04/2015,2.721
6/04/2015,2.715
7/04/2015,2.861
8/04/2015,3.153
9/04/2015,2.84
10/04/2015,2.724
11/04/2015,2.678
12/04/2015,2.635
13/04/2015,2.589
14/04/2015,2.579
15/04/2015,2.513
16/04/2015,2.475
17/04/2015,2.405
18/04/2015,3.229
19/04/2015,2.403
20/04/2015,2.181
21/04/2015,2.137
22/04/2015,2.148
23/04/2015,2.162
24/04/2015,2.204
25/04/2015,2.297
26/04/2015,3.441
27/04/2015,2.31
28/04/2015,2.249
29/04/2015,2.224
30/04/2015,2.196
1/05/2015,2.181
2/05/2015,2.179
3/05/2015,2.18
4/05/2015,2.165
5/05/2015,2.107
6/05/2015,2.176
7/05/2015,2.222
8/05/2015,2.189
9/05/2015,2.201
10/05/2015,2.167
11/05/2015,2.188
12/05/2015,2.212
13/05/2015,2.129
14/05/2015,2.055
15/05/2015,1.987
16/05/2015,2.037
17/05/2015,2.05
18/05/2015,2.024
19/05/2015,2.023
20/05/2015,2.476
21/05/2015,2.173
22/05/2015,2.038
23/05/2015,2.017
24/05/2015,1.993
25/05/2015,1.967
26/05/2015,1.915
27/05/2015,1.914
28/05/2015,1.924
29/05/2015,1.908
30/05/2015,1.825
31/05/2015,1.823
1/06/2015,1.848
2/06/2015,1.827
3/06/2015,1.747
4/06/2015,1.782
5/06/2015,1.847
6/06/2015,1.758
7/06/2015,1.713
8/06/2015,1.66
9/06/2015,1.649
10/06/2015,1.687
11/06/2015,1.601
12/06/2015,1.617
13/06/2015,1.619
14/06/2015,1.601
15/06/2015,1.603
16/06/2015,1.982
17/06/2015,2.315
18/06/2015,1.972
19/06/2015,1.782
20/06/2015,1.666
21/06/2015,1.589
22/06/2015,1.572
23/06/2015,1.55
24/06/2015,1.53
25/06/2015,1.544
26/06/2015,1.606
27/06/2015,1.598
28/06/2015,1.609
29/06/2015,1.624
30/06/2015,1.621
1/07/2015,1.607
2/07/2015,1.635
3/07/2015,1.657
4/07/2015,1.677
5/07/2015,1.702
6/07/2015,1.71
7/07/2015,1.716
8/07/2015,1.756
9/07/2015,1.766
10/07/2015,1.825
11/07/2015,1.806
12/07/2015,2.076
13/07/2015,2.026
14/07/2015,1.957
15/07/2015,1.984
16/07/2015,1.98
17/07/2015,1.905
18/07/2015,1.904
19/07/2015,1.953
20/07/2015,2.013
21/07/2015,2.045
22/07/2015,2.063
23/07/2015,1.974
24/07/2015,1.875
25/07/2015,1.89
26/07/2015,1.838
27/07/2015,1.846
28/07/2015,1.826
29/07/2015,1.817
30/07/2015,1.911
31/07/2015,1.926
1/08/2015,1.961
2/08/2015,2.049
3/08/2015,2.04
4/08/2015,2.018
5/08/2015,2.014
6/08/2015,2.012
7/08/2015,1.972
8/08/2015,1.946
9/08/2015,1.982
10/08/2015,1.994
11/08/2015,1.903
12/08/2015,1.994
13/08/2015,2.085
14/08/2015,1.98
15/08/2015,1.944
16/08/2015,1.982
17/08/2015,2.089
18/08/2015,2.165
19/08/2015,2.136
20/08/2015,2.09
21/08/2015,1.981
22/08/2015,1.832
23/08/2015,1.819
24/08/2015,1.963
25/08/2015,2.204
26/08/2015,2.075
27/08/2015,2.104
28/08/2015,2.086
29/08/2015,2.109
30/08/2015,2.181
31/08/2015,2.235
1/09/2015,2.207
2/09/2015,2.167
3/09/2015,2.164
4/09/2015,2.116
5/09/2015,2.025
6/09/2015,2.136
7/09/2015,2.209
8/09/2015,2.204
9/09/2015,2.244
10/09/2015,2.199
11/09/2015,2.166
12/09/2015,2.143
13/09/2015,2.138
14/09/2015,2.076
15/09/2015,2.04
16/09/2015,2.034
17/09/2015,2.039
18/09/2015,2.048
19/09/2015,1.965
20/09/2015,1.946
21/09/2015,1.93
22/09/2015,1.944
23/09/2015,1.935
24/09/2015,1.949
25/09/2015,2.002
26/09/2015,2.022
27/09/2015,1.976
28/09/2015,1.963
29/09/2015,1.916
30/09/2015,1.905
1/10/2015,1.845
2/10/2015,1.827
3/10/2015,1.775
4/10/2015,1.767
5/10/2015,1.693
6/10/2015,1.636
7/10/2015,1.588
8/10/2015,1.587
9/10/2015,1.618
10/10/2015,1.624
11/10/2015,1.606
12/10/2015,1.575
13/10/2015,1.509
14/10/2015,1.479
15/10/2015,1.463
16/10/2015,1.407
17/10/2015,1.475
18/10/2015,1.574
19/10/2015,1.659
20/10/2015,1.694
21/10/2015,1.818
22/10/2015,1.909
23/10/2015,1.907
24/10/2015,1.875
25/10/2015,1.875
26/10/2015,1.838
27/10/2015,1.826
28/10/2015,1.833
29/10/2015,1.806
30/10/2015,1.841
31/10/2015,1.87
1/11/2015,1.861
2/11/2015,1.863
3/11/2015,1.875
4/11/2015,1.995
5/11/2015,245.315
6/11/2015,47.144
7/11/2015,3.22
8/11/2015,1.349
9/11/2015,1.117
10/11/2015,1.051
11/11/2015,1.023
12/11/2015,1.022
13/11/2015,1.003
14/11/2015,0.989
15/11/2015,0.985
16/11/2015,0.979
17/11/2015,0.973
18/11/2015,0.939
19/11/2015,0.92
20/11/2015,0.898
21/11/2015,0.91
22/11/2015,0.912
23/11/2015,0.914
24/11/2015,0.901
25/11/2015,0.869
26/11/2015,0.862
27/11/2015,0.86
28/11/2015,0.881
29/11/2015,0.886
30/11/2015,0.898
1/12/2015,0.883
2/12/2015,0.903
3/12/2015,0.908
4/12/2015,0.904
5/12/2015,0.901
6/12/2015,0.884
7/12/2015,0.876
8/12/2015,0.866
9/12/2015,0.873
10/12/2015,0.863
11/12/2015,0.864
12/12/2015,0.865
13/12/2015,0.863
14/12/2015,0.858
15/12/2015,0.848
16/12/2015,0.841
17/12/2015,0.823
18/12/2015,0.827
19/12/2015,0.816
20/12/2015,0.818
21/12/2015,0.848
22/12/2015,0.864
23/12/2015,0.852
24/12/2015,0.836
25/12/2015,0.822
26/12/2015,0.813
27/12/2015,0.84
28/12/2015,0.832
29/12/2015,0.843
30/12/2015,0.834
31/12/2015,0.835
1/01/2016,0.843
2/01/2016,0.831
3/01/2016,0.851
4/01/2016,0.854
5/01/2016,0.859
6/01/2016,0.857
7/01/2016,0.859
8/01/2016,0.865
9/01/2016,0.879
10/01/2016,0.865
11/01/2016,0.88
12/01/2016,0.892
13/01/2016,0.878
14/01/2016,0.885
15/01/2016,0.93
16/01/2016,0.943
17/01/2016,0.913
18/01/2016,0.91
19/01/2016,0.894
20/01/2016,0.925
21/01/2016,0.937
22/01/2016,0.968
23/01/2016,1.197
24/01/2016,1.101
25/01/2016,1.083
26/01/2016,1.049
27/01/2016,1.055
28/01/2016,1.057
29/01/2016,1.089
30/01/2016,1.19
31/01/2016,1.449
1/02/2016,1.325
2/02/2016,1.247
3/02/2016,1.343
4/02/2016,1.277
5/02/2016,1.265
6/02/2016,1.272
7/02/2016,1.266
8/02/2016,1.245
9/02/2016,1.25
10/02/2016,1.243
11/02/2016,1.219
12/02/2016,1.221
13/02/2016,1.227
14/02/2016,1.24
15/02/2016,1.274
16/02/2016,1.316
17/02/2016,1.369
18/02/2016,1.047
19/02/2016,0.92
20/02/2016,0.915
21/02/2016,0.907
22/02/2016,0.903
23/02/2016,0.903
24/02/2016,0.899
25/02/2016,0.912
26/02/2016,0.92
27/02/2016,0.906
28/02/2016,0.911
29/02/2016,0.91
1/03/2016,0.907
2/03/2016,0.892
3/03/2016,0.885
4/03/2016,0.881
5/03/2016,0.878
6/03/2016,0.875
7/03/2016,0.876
8/03/2016,0.875
9/03/2016,0.869
10/03/2016,0.905
11/03/2016,1.132
12/03/2016,0.969
13/03/2016,0.94
14/03/2016,0.93
15/03/2016,0.926
16/03/2016,0.917
17/03/2016,0.898
18/03/2016,0.898
19/03/2016,0.89
20/03/2016,0.88
21/03/2016,0.883
22/03/2016,0.885
23/03/2016,0.879
24/03/2016,0.88
25/03/2016,0.885
26/03/2016,0.916
27/03/2016,0.886
28/03/2016,0.878
29/03/2016,0.877
30/03/2016,0.886
31/03/2016,0.877
1/04/2016,0.868
2/04/2016,0.871
3/04/2016,0.877
4/04/2016,0.879
5/04/2016,0.873
6/04/2016,0.873
7/04/2016,0.896
8/04/2016,0.899
9/04/2016,
10/04/2016,0.876
11/04/2016,0.873
12/04/2016,0.872
13/04/2016,0.867
14/04/2016,0.872
15/04/2016,0.866
16/04/2016,0.828
17/04/2016,0.816
18/04/2016,0.819
19/04/2016,0.818
20/04/2016,0.81
21/04/2016,0.811
22/04/2016,0.837
23/04/2016,0.836
24/04/2016,0.828
25/04/2016,0.827
26/04/2016,0.822
27/04/2016,0.816
28/04/2016,0.824
29/04/2016,0.843
30/04/2016,0.857
1/05/2016,0.842
2/05/2016,0.835
3/05/2016,0.837
4/05/2016,0.848
5/05/2016,0.857
6/05/2016,0.837
7/05/2016,0.819
8/05/2016,0.834
9/05/2016,0.901
10/05/2016,0.883
11/05/2016,0.886
12/05/2016,0.863
13/05/2016,0.859
14/05/2016,0.852
15/05/2016,0.84
16/05/2016,0.836
17/05/2016,0.847
18/05/2016,0.847
19/05/2016,0.842
20/05/2016,0.836
21/05/2016,0.842
22/05/2016,0.844
23/05/2016,0.846
24/05/2016,0.846
25/05/2016,0.841
26/05/2016,0.864
27/05/2016,1.011
28/05/2016,0.939
29/05/2016,0.925
30/05/2016,0.902
31/05/2016,0.905
1/06/2016,0.915
2/06/2016,0.919
3/06/2016,0.907
4/06/2016,0.906
5/06/2016,0.905
6/06/2016,0.911
7/06/2016,0.923
8/06/2016,0.919
9/06/2016,0.951
10/06/2016,0.935
11/06/2016,0.921
12/06/2016,0.919
13/06/2016,0.887
14/06/2016,0.885
15/06/2016,0.886
16/06/2016,0.888
17/06/2016,0.931
18/06/2016,0.944
19/06/2016,0.939
20/06/2016,0.932
21/06/2016,0.929
22/06/2016,0.898
23/06/2016,0.869
24/06/2016,0.883
25/06/2016,0.918
26/06/2016,0.863
27/06/2016,0.867
28/06/2016,0.857
29/06/2016,0.852
30/06/2016,0.85
1/07/2016,0.856
2/07/2016,0.847
3/07/2016,0.847
4/07/2016,0.838
5/07/2016,0.829
6/07/2016,1.009
7/07/2016,0.862
8/07/2016,0.848
9/07/2016,0.844
10/07/2016,0.839
11/07/2016,0.959
12/07/2016,0.867
13/07/2016,0.957
14/07/2016,0.887
15/07/2016,0.858
16/07/2016,0.853
17/07/2016,0.85
18/07/2016,0.85
19/07/2016,0.855
20/07/2016,0.852
21/07/2016,0.86
22/07/2016,0.872
23/07/2016,0.876
24/07/2016,0.891
25/07/2016,0.882
26/07/2016,0.88
27/07/2016,0.888
28/07/2016,0.893
29/07/2016,0.876
30/07/2016,0.878
31/07/2016,0.875
1/08/2016,0.882
2/08/2016,0.89
3/08/2016,0.886
4/08/2016,0.887
5/08/2016,0.885
6/08/2016,0.88
7/08/2016,0.883
8/08/2016,0.879
9/08/2016,0.88
10/08/2016,0.884
11/08/2016,0.879
12/08/2016,0.885
13/08/2016,0.886
14/08/2016,0.873
15/08/2016,0.855
16/08/2016,0.798
17/08/2016,0.726
18/08/2016,0.741
19/08/2016,0.755
20/08/2016,0.83
21/08/2016,0.818
22/08/2016,0.825
23/08/2016,0.853
24/08/2016,0.868
25/08/2016,0.886
26/08/2016,0.909
27/08/2016,0.931
28/08/2016,0.956
29/08/2016,0.983
30/08/2016,1.034
31/08/2016,1.095
1/09/2016,1.092
2/09/2016,1.124
3/09/2016,1.126
4/09/2016,1.14
5/09/2016,1.161
6/09/2016,1.175
7/09/2016,1.198
8/09/2016,1.207
9/09/2016,1.28
10/09/2016,1.362
11/09/2016,1.331
12/09/2016,1.377
13/09/2016,1.434
14/09/2016,1.796
15/09/2016,1.703
16/09/2016,1.699
17/09/2016,1.723
18/09/2016,1.789
19/09/2016,1.843
20/09/2016,1.875
21/09/2016,1.968
22/09/2016,2.004
23/09/2016,2.035
24/09/2016,2.065
25/09/2016,2.158
26/09/2016,2.189
27/09/2016,2.233
28/09/2016,2.263
29/09/2016,2.396
30/09/2016,3.254
1/10/2016,2738.35
2/10/2016,914.563
3/10/2016,143.966
4/10/2016,32.854
5/10/2016,11.082
6/10/2016,2.478
7/10/2016,1.171
8/10/2016,0.993
9/10/2016,0.926
10/10/2016,0.89
11/10/2016,0.896
12/10/2016,0.923
13/10/2016,0.924
14/10/2016,0.934
15/10/2016,0.946
16/10/2016,0.927
17/10/2016,0.976
18/10/2016,1.019
19/10/2016,1.011
20/10/2016,1.044
21/10/2016,1.032
22/10/2016,1.063
23/10/2016,1.101
24/10/2016,1.126
25/10/2016,1.136
26/10/2016,1.14
27/10/2016,1.209
28/10/2016,1.23
29/10/2016,1.214
30/10/2016,1.198
31/10/2016,1.182
1/11/2016,1.172
2/11/2016,1.185
3/11/2016,1.166
4/11/2016,1.148
5/11/2016,1.133
6/11/2016,1.118
7/11/2016,1.108
8/11/2016,1.092
9/11/2016,1.074
10/11/2016,1.071
11/11/2016,1.068
12/11/2016,1.063
13/11/2016,1.058
14/11/2016,1.068
15/11/2016,1.039
16/11/2016,1.033
17/11/2016,1.009
18/11/2016,0.981
19/11/2016,0.995
20/11/2016,0.977
21/11/2016,0.954
22/11/2016,0.942
23/11/2016,0.995
24/11/2016,0.997
25/11/2016,0.947
26/11/2016,0.928
27/11/2016,0.917
28/11/2016,0.903
29/11/2016,0.877
30/11/2016,0.858
1/12/2016,0.874
2/12/2016,0.854
3/12/2016,0.836
4/12/2016,0.809
5/12/2016,0.832
6/12/2016,0.836
7/12/2016,0.808
8/12/2016,0.788
9/12/2016,0.814
10/12/2016,0.756
11/12/2016,0.745
12/12/2016,0.729
13/12/2016,0.698
14/12/2016,0.69
15/12/2016,0.779
16/12/2016,0.774
17/12/2016,0.724
18/12/2016,0.681
19/12/2016,0.645
20/12/2016,0.626
21/12/2016,0.61
22/12/2016,0.599
23/12/2016,0.586
24/12/2016,0.559
25/12/2016,0.54
26/12/2016,0.514
27/12/2016,0.581
28/12/2016,0.766
29/12/2016,0.711
30/12/2016,0.544
31/12/2016,0.518
1/01/2017,0.522
2/01/2017,0.513
3/01/2017,0.48
4/01/2017,0.462
5/01/2017,0.445
6/01/2017,0.439
7/01/2017,0.422
8/01/2017,0.391
9/01/2017,0.373
10/01/2017,0.439
11/01/2017,0.433
12/01/2017,0.364
13/01/2017,0.332
14/01/2017,0.369
15/01/2017,0.344
16/01/2017,0.306
17/01/2017,0.292
18/01/2017,0.247
19/01/2017,0.243
20/01/2017,0.237
21/01/2017,0.276
22/01/2017,0.229
23/01/2017,0.207
24/01/2017,0.2
25/01/2017,0.199
26/01/2017,0.192
27/01/2017,0.192
28/01/2017,0.194
29/01/2017,0.186
30/01/2017,0.183
31/01/2017,0.182
1/02/2017,0.181
2/02/2017,0.179
3/02/2017,0.177
4/02/2017,0.175
5/02/2017,0.177
6/02/2017,0.197
7/02/2017,0.296
8/02/2017,0.201
9/02/2017,0.186
10/02/2017,0.172
11/02/2017,0.164
12/02/2017,0.159
13/02/2017,0.162
14/02/2017,0.168
15/02/2017,0.164
16/02/2017,0.158
17/02/2017,0.156
18/02/2017,0.154
19/02/2017,0.155
20/02/2017,0.157
21/02/2017,0.156
22/02/2017,0.149
23/02/2017,0.141
24/02/2017,0.14
25/02/2017,0.14
26/02/2017,0.139
27/02/2017,0.14
28/02/2017,0.137
1/03/2017,0.136
2/03/2017,0.135
3/03/2017,0.133
4/03/2017,0.131
5/03/2017,0.128
6/03/2017,0.126
7/03/2017,0.128
8/03/2017,0.128
9/03/2017,0.126
10/03/2017,0.131
11/03/2017,0.133
12/03/2017,0.141
13/03/2017,0.145
14/03/2017,0.148
15/03/2017,0.148
16/03/2017,0.142
17/03/2017,0.142
18/03/2017,0.145
19/03/2017,0.146
20/03/2017,0.149
21/03/2017,0.151
22/03/2017,0.152
23/03/2017,0.159
24/03/2017,0.163
25/03/2017,0.161
26/03/2017,0.164
27/03/2017,0.159
28/03/2017,0.157
29/03/2017,0.162
30/03/2017,0.164
31/03/2017,0.17
1/04/2017,0.172
2/04/2017,0.177
3/04/2017,0.181
4/04/2017,0.182
5/04/2017,0.183
6/04/2017,0.187
7/04/2017,0.183
8/04/2017,0.184
9/04/2017,0.185
10/04/2017,0.189
11/04/2017,0.199
12/04/2017,0.209
13/04/2017,0.22
14/04/2017,0.228
15/04/2017,0.236
16/04/2017,0.243
17/04/2017,0.263
18/04/2017,0.251
19/04/2017,0.256
20/04/2017,0.278
21/04/2017,0.49
22/04/2017,0.466
23/04/2017,0.384
24/04/2017,0.388
25/04/2017,0.444
26/04/2017,0.491
27/04/2017,0.441
28/04/2017,0.441
29/04/2017,0.436
30/04/2017,0.446
1/05/2017,0.478
2/05/2017,0.48
3/05/2017,0.48
4/05/2017,0.504
5/05/2017,0.514
6/05/2017,0.524
7/05/2017,0.525
8/05/2017,0.533
9/05/2017,0.557
10/05/2017,0.561
11/05/2017,0.572
12/05/2017,0.591
13/05/2017,0.59
14/05/2017,0.591
15/05/2017,0.622
16/05/2017,0.635
17/05/2017,0.653
18/05/2017,0.684
19/05/2017,0.698
20/05/2017,0.713
21/05/2017,0.691
22/05/2017,0.687
23/05/2017,0.696
24/05/2017,0.722
25/05/2017,0.718
26/05/2017,0.748
27/05/2017,0.753
28/05/2017,0.767
29/05/2017,0.804
30/05/2017,0.824
31/05/2017,0.827
1/06/2017,1.575
2/06/2017,1.916
3/06/2017,1.938
4/06/2017,1.93
5/06/2017,1.046
6/06/2017,0.867
7/06/2017,0.893
8/06/2017,0.888
9/06/2017,0.914
10/06/2017,0.93
11/06/2017,0.949
12/06/2017,0.962
13/06/2017,0.984
14/06/2017,1.011
15/06/2017,1.043
16/06/2017,1.054
17/06/2017,1.066
18/06/2017,1.074
19/06/2017,1.078
20/06/2017,1.057
21/06/2017,0.931
22/06/2017,0.852
23/06/2017,0.839
24/06/2017,0.846
25/06/2017,0.845
26/06/2017,0.837
27/06/2017,0.829
28/06/2017,0.794
29/06/2017,0.802
30/06/2017,0.787
1/07/2017,0.789
2/07/2017,0.775
3/07/2017,0.774
4/07/2017,0.727
5/07/2017,0.72
6/07/2017,0.734
7/07/2017,0.736
8/07/2017,0.725
9/07/2017,0.718
10/07/2017,0.71
11/07/2017,0.714
12/07/2017,0.692
13/07/2017,0.696
14/07/2017,0.669
15/07/2017,0.662
16/07/2017,0.648
17/07/2017,0.668
18/07/2017,0.661
19/07/2017,0.687
20/07/2017,0.681
21/07/2017,0.671
22/07/2017,0.661
23/07/2017,0.674
24/07/2017,0.653
25/07/2017,0.645
26/07/2017,0.638
27/07/2017,0.642
28/07/2017,0.626
29/07/2017,0.628
30/07/2017,0.601
31/07/2017,0.61
1/08/2017,0.619
2/08/2017,0.627
3/08/2017,0.645
4/08/2017,0.808
5/08/2017,0.719
6/08/2017,0.695
7/08/2017,0.78
8/08/2017,0.8
9/08/2017,0.738
10/08/2017,0.727
11/08/2017,0.715
12/08/2017,0.695
13/08/2017,0.691
14/08/2017,0.698
15/08/2017,0.678
16/08/2017,0.718
17/08/2017,0.738
18/08/2017,0.662
19/08/2017,0.638
20/08/2017,0.582
21/08/2017,0.602
22/08/2017,0.634
23/08/2017,0.592
24/08/2017,0.573
25/08/2017,0.562
26/08/2017,0.548
27/08/2017,0.534
28/08/2017,0.515
29/08/2017,0.483
30/08/2017,0.492
31/08/2017,0.485
1/09/2017,0.468
2/09/2017,0.489
3/09/2017,0.475
4/09/2017,0.471
5/09/2017,0.465
6/09/2017,0.475
7/09/2017,0.451
8/09/2017,0.441
9/09/2017,0.429
10/09/2017,0.402
11/09/2017,0.394
12/09/2017,0.39
13/09/2017,0.363
14/09/2017,0.399
15/09/2017,0.372
16/09/2017,0.36
17/09/2017,0.357
18/09/2017,0.328
19/09/2017,0.328
20/09/2017,0.319
21/09/2017,0.313
22/09/2017,0.299
23/09/2017,0.315
24/09/2017,0.315
25/09/2017,0.288
26/09/2017,0.309
27/09/2017,0.309
28/09/2017,0.309
29/09/2017,0.32
30/09/2017,0.303
1/10/2017,0.306
2/10/2017,0.295
3/10/2017,0.319
4/10/2017,0.304
5/10/2017,0.285
6/10/2017,0.284
7/10/2017,0.287
8/10/2017,0.297
9/10/2017,0.287
10/10/2017,0.25
11/10/2017,0.249
12/10/2017,0.291
13/10/2017,0.288
14/10/2017,0.287
15/10/2017,0.268
16/10/2017,0.254
17/10/2017,0.245
18/10/2017,0.241
19/10/2017,0.237
20/10/2017,0.239
21/10/2017,0.23
22/10/2017,0.24
23/10/2017,0.235
24/10/2017,0.258
25/10/2017,0.258
26/10/2017,0.31
27/10/2017,0.289
28/10/2017,0.328
29/10/2017,0.298
30/10/2017,0.3
31/10/2017,0.362
1/11/2017,0.366
2/11/2017,0.369
3/11/2017,0.364
4/11/2017,0.415
5/11/2017,0.446
6/11/2017,0.419
7/11/2017,0.428
8/11/2017,0.459
9/11/2017,0.482
10/11/2017,0.468
11/11/2017,0.345
12/11/2017,0.232
13/11/2017,0.235
14/11/2017,0.218
15/11/2017,0.214
16/11/2017,0.304
17/11/2017,0.319
18/11/2017,0.396
19/11/2017,0.443
20/11/2017,0.464
21/11/2017,0.447
22/11/2017,1.018
23/11/2017,1.2
24/11/2017,1.402
25/11/2017,1.509
26/11/2017,1.595
27/11/2017,1.84
28/11/2017,2.153
29/11/2017,2.433
30/11/2017,2.666
1/12/2017,3.196
2/12/2017,4.002
3/12/2017,5.296
4/12/2017,9.776
5/12/2017,19.039
6/12/2017,51.133
7/12/2017,153.089
8/12/2017,224.822
9/12/2017,657.504
10/12/2017,1735.562
11/12/2017,3308.198
12/12/2017,5052.417
13/12/2017,6570.677
14/12/2017,7574.488
15/12/2017,10618.786
16/12/2017,13118.049
17/12/2017,17713.044
18/12/2017,
19/12/2017,
20/12/2017,
21/12/2017,
22/12/2017,
23/12/2017,
24/12/2017,
25/12/2017,
26/12/2017,
27/12/2017,
28/12/2017,
29/12/2017,
30/12/2017,
31/12/2017,
1/01/2018,
2/01/2018,
3/01/2018,
4/01/2018,
5/01/2018,
6/01/2018,
7/01/2018,
8/01/2018,
9/01/2018,
10/01/2018,
11/01/2018,
12/01/2018,0
13/01/2018,0
14/01/2018,0
15/01/2018,0
16/01/2018,0
17/01/2018,0
18/01/2018,0
19/01/2018,0
20/01/2018,0
21/01/2018,0
22/01/2018,0
23/01/2018,0
24/01/2018,0
25/01/2018,0
26/01/2018,0
27/01/2018,0
28/01/2018,0
29/01/2018,0
30/01/2018,0.003
31/01/2018,0.006
1/02/2018,0
2/02/2018,0
3/02/2018,0
4/02/2018,0
5/02/2018,0
6/02/2018,0
7/02/2018,0
8/02/2018,0
9/02/2018,0.002
10/02/2018,0.002
11/02/2018,0.004
12/02/2018,0
13/02/2018,0
14/02/2018,0
15/02/2018,0
16/02/2018,0.001
17/02/2018,0.001
18/02/2018,0
19/02/2018,0.003
20/02/2018,0.005
21/02/2018,0.009
22/02/2018,0.012
23/02/2018,0.016
24/02/2018,0.027
25/02/2018,0.031
26/02/2018,0.034
27/02/2018,0.012
28/02/2018,0.023
1/03/2018,0.045
2/03/2018,0.03
3/03/2018,0.013
4/03/2018,0.005
5/03/2018,0
6/03/2018,0.001
7/03/2018,0.002
8/03/2018,0.002
9/03/2018,0.003
10/03/2018,0.003
11/03/2018,0.004
12/03/2018,0.006
13/03/2018,0.011
14/03/2018,0.016
15/03/2018,0.02
16/03/2018,0.025
17/03/2018,0.03
18/03/2018,0.034
19/03/2018,0.039
20/03/2018,0.044
21/03/2018,0.045
22/03/2018,0.04
23/03/2018,0.032
24/03/2018,0.029
25/03/2018,0.027
26/03/2018,0.034
27/03/2018,0.045
28/03/2018,0.048
29/03/2018,0.044
30/03/2018,0.044
31/03/2018,0.051
1/04/2018,0.057
2/04/2018,0.061
3/04/2018,0.067
4/04/2018,0.072
5/04/2018,0.077
6/04/2018,0.079
7/04/2018,0.086
8/04/2018,0.086
9/04/2018,0.082
10/04/2018,0.074
11/04/2018,0.067
12/04/2018,0.064
13/04/2018,0.069
14/04/2018,0.098
15/04/2018,0.129
16/04/2018,0.17
17/04/2018,0.205
18/04/2018,0.192
19/04/2018,0.174
20/04/2018,0.158
21/04/2018,0.145
22/04/2018,0.142
23/04/2018,0.146
24/04/2018,0.141
25/04/2018,0.132
26/04/2018,0.138
27/04/2018,0.144
28/04/2018,0.148
29/04/2018,0.15
30/04/2018,0.149
1/05/2018,0.15
2/05/2018,0.151
3/05/2018,0.156
4/05/2018,0.281
5/05/2018,0.609
6/05/2018,0.429
7/05/2018,0.254
8/05/2018,0.19
9/05/2018,0.189
10/05/2018,0.191
11/05/2018,0.229
12/05/2018,0.305
13/05/2018,0.318
14/05/2018,0.262
15/05/2018,0.247
16/05/2018,0.254
17/05/2018,0.273
18/05/2018,0.259
19/05/2018,0.282
20/05/2018,0.33
21/05/2018,0.335
22/05/2018,0.335
23/05/2018,0.339
24/05/2018,0.352
25/05/2018,0.382
26/05/2018,0.385
27/05/2018,0.378
28/05/2018,0.38
29/05/2018,0.437
30/05/2018,0.485
31/05/2018,0.506
1/06/2018,0.539
2/06/2018,0.506
3/06/2018,0.481
4/06/2018,0.481
5/06/2018,0.504
6/06/2018,0.514
7/06/2018,0.526
8/06/2018,0.541
9/06/2018,0.591
10/06/2018,0.648
11/06/2018,0.654
12/06/2018,0.669
13/06/2018,0.708
14/06/2018,0.745
15/06/2018,0.818
16/06/2018,1.067
17/06/2018,1.426
18/06/2018,1.207
19/06/2018,1.069
20/06/2018,0.978
21/06/2018,0.894
22/06/2018,0.815
23/06/2018,0.787
24/06/2018,0.795
25/06/2018,0.738
26/06/2018,0.742
27/06/2018,0.743
28/06/2018,0.728
29/06/2018,0.71
30/06/2018,0.153
1/07/2018,2.411
2/07/2018,10.945
3/07/2018,10.957
4/07/2018,
5/07/2018,0.429
6/07/2018,0
7/07/2018,0
8/07/2018,0.112
9/07/2018,0.826
10/07/2018,2.45
11/07/2018,2.783
12/07/2018,1.5
13/07/2018,0.901
14/07/2018,0.645
15/07/2018,1.671
16/07/2018,0.033
17/07/2018,0
18/07/2018,0.004
19/07/2018,0.156
20/07/2018,0
21/07/2018,0.148
22/07/2018,0.615
23/07/2018,0.606
24/07/2018,0
25/07/2018,0
26/07/2018,0
27/07/2018,0.01
28/07/2018,0
29/07/2018,0
30/07/2018,0
31/07/2018,0.015
1/08/2018,0
2/08/2018,0.001
3/08/2018,0.012
4/08/2018,0
5/08/2018,0
6/08/2018,0
7/08/2018,0
8/08/2018,0
9/08/2018,0.011
10/08/2018,0.787
11/08/2018,0.712
12/08/2018,0.774
13/08/2018,0.737
14/08/2018,0.725
15/08/2018,0.719
16/08/2018,0.708
17/08/2018,0.722
18/08/2018,0.723
19/08/2018,0.748
20/08/2018,0.728
21/08/2018,0.723
22/08/2018,0.725
23/08/2018,0.729
24/08/2018,0.732
25/08/2018,0.74
26/08/2018,0.74
27/08/2018,0.755
28/08/2018,0.768
29/08/2018,0.764
30/08/2018,0.77
31/08/2018,0.748
1/09/2018,0.772
2/09/2018,0.762
3/09/2018,0.789
4/09/2018,0.769
5/09/2018,0.747
6/09/2018,0.748
7/09/2018,0.755
8/09/2018,0.753
9/09/2018,0.757
10/09/2018,0.758
11/09/2018,0.765
12/09/2018,0.768
13/09/2018,0.761
14/09/2018,0.774
15/09/2018,0.76
16/09/2018,0.762
17/09/2018,0.769
18/09/2018,0.769
19/09/2018,0.778
20/09/2018,0.787
21/09/2018,0.787
22/09/2018,0.783
23/09/2018,0.777
24/09/2018,0.794
25/09/2018,0.811
26/09/2018,0.812
27/09/2018,0.809
28/09/2018,0.816
29/09/2018,0.814
30/09/2018,0.798
1/10/2018,0.799
2/10/2018,0.771
3/10/2018,0.766
4/10/2018,0.773
5/10/2018,0.762
6/10/2018,0.753
7/10/2018,0.753
8/10/2018,0.752
9/10/2018,0.755
10/10/2018,0.774
11/10/2018,0.755
12/10/2018,0.736
13/10/2018,0.734
14/10/2018,0.726
15/10/2018,0.734
16/10/2018,0.712
17/10/2018,0.697
18/10/2018,0.709
19/10/2018,0.7
20/10/2018,0.694
21/10/2018,0.689
22/10/2018,0.681
23/10/2018,0.671
24/10/2018,0.677
25/10/2018,0.674
26/10/2018,0.667
27/10/2018,0.667
28/10/2018,0.672
29/10/2018,0.686
30/10/2018,0.676
31/10/2018,0.66
1/11/2018,0.656
2/11/2018,0.665
3/11/2018,0.653
4/11/2018,0.644
5/11/2018,0.652
6/11/2018,0.694
7/11/2018,0.787
8/11/2018,0.703
9/11/2018,0.681
10/11/2018,0.664
11/11/2018,0.652
12/11/2018,0.644
13/11/2018,0.633
14/11/2018,0.65
15/11/2018,0.639
16/11/2018,0.632
17/11/2018,0.636
18/11/2018,0.638
19/11/2018,0.638
20/11/2018,0.637
21/11/2018,0.719
22/11/2018,0.721
23/11/2018,0.733
24/11/2018,0.725
25/11/2018,0.739
26/11/2018,0.743
27/11/2018,0.717
28/11/2018,0.752
29/11/2018,0.739
30/11/2018,0.717
1/12/2018,0.705
2/12/2018,0.712
3/12/2018,0.722
4/12/2018,0.712
5/12/2018,0.719
6/12/2018,0.704
7/12/2018,0.691
8/12/2018,0.683
9/12/2018,0.688
10/12/2018,0.708
11/12/2018,0.684
12/12/2018,0.678
13/12/2018,0.703
14/12/2018,0.718
15/12/2018,0.74
16/12/2018,0.723
17/12/2018,0.71
18/12/2018,0.705
19/12/2018,0.669
20/12/2018,0.653
21/12/2018,0.655
22/12/2018,0.663
23/12/2018,0.671
24/12/2018,0.68
25/12/2018,0.672
26/12/2018,0.668
27/12/2018,0.663
28/12/2018,0.661
29/12/2018,0.639
30/12/2018,0.651
31/12/2018,0.651
1/01/2019,0.61
2/01/2019,0.585
3/01/2019,0.586
4/01/2019,0.576
5/01/2019,0.564
6/01/2019,0.582
7/01/2019,0.59
8/01/2019,0.597
9/01/2019,0.588
10/01/2019,0.586
11/01/2019,0.585
12/01/2019,0.565
13/01/2019,0.537
14/01/2019,0.534
15/01/2019,0.54
16/01/2019,0.538
17/01/2019,0.557
18/01/2019,0.54
19/01/2019,0.561
20/01/2019,0.55
21/01/2019,0.538
22/01/2019,0.535
23/01/2019,0.52
24/01/2019,0.506
25/01/2019,0.492
26/01/2019,0.47
27/01/2019,0.485
28/01/2019,0.512
29/01/2019,0.506
30/01/2019,0.49
31/01/2019,0.468
1/02/2019,0.475
2/02/2019,0.482
3/02/2019,0.481
4/02/2019,0.467
5/02/2019,0.497
6/02/2019,0.515
7/02/2019,0.607
8/02/2019,0.571
9/02/2019,0.541
10/02/2019,0.56
11/02/2019,0.551
12/02/2019,0.542
13/02/2019,0.577
14/02/2019,0.584
15/02/2019,0.576
16/02/2019,0.569
17/02/2019,0.562
18/02/2019,0.555
19/02/2019,0.572
20/02/2019,0.575
21/02/2019,0.59
22/02/2019,0.596
23/02/2019,0.585
24/02/2019,0.579
25/02/2019,0.571
26/02/2019,0.563
27/02/2019,0.561
28/02/2019,0.56
1/03/2019,0.573
2/03/2019,0.574
3/03/2019,0.562
4/03/2019,0.571
5/03/2019,0.6
6/03/2019,0.59
7/03/2019,0.591
8/03/2019,0.602
9/03/2019,0.608
10/03/2019,0.607
11/03/2019,0.607
12/03/2019,0.608
13/03/2019,0.61
14/03/2019,0.623
15/03/2019,0.618
16/03/2019,0.633
17/03/2019,0.647
18/03/2019,0.654
19/03/2019,0.662
20/03/2019,0.654
21/03/2019,0.653
22/03/2019,0.656
23/03/2019,0.659
24/03/2019,0.654
25/03/2019,0.694
26/03/2019,0.693
27/03/2019,0.691
28/03/2019,0.697
29/03/2019,0.696
30/03/2019,0.7
31/03/2019,0.703
1/04/2019,0.705
2/04/2019,0.712
3/04/2019,0.717
4/04/2019,0.714
5/04/2019,0.715
6/04/2019,0.692
7/04/2019,0.683
8/04/2019,0.687
9/04/2019,0.693
10/04/2019,0.704
11/04/2019,0.701
12/04/2019,0.71
13/04/2019,0.705
14/04/2019,0.709
15/04/2019,0.704
16/04/2019,0.7
17/04/2019,0.701
18/04/2019,0.7
19/04/2019,0.704
20/04/2019,0.695
21/04/2019,0.688
22/04/2019,0.712
23/04/2019,0.722
24/04/2019,0.711
25/04/2019,0.698
26/04/2019,0.695
27/04/2019,0.696
28/04/2019,0.693
29/04/2019,0.699
30/04/2019,0.712
1/05/2019,0.712
2/05/2019,0.731
3/05/2019,0.688
4/05/2019,0.689
5/05/2019,0.698
6/05/2019,0.691
7/05/2019,0.686
8/05/2019,0.682
9/05/2019,0.68
10/05/2019,0.694
11/05/2019,0.705
12/05/2019,0.677
13/05/2019,0.673
14/05/2019,0.662
15/05/2019,0.657
16/05/2019,0.664
17/05/2019,0.665
18/05/2019,0.655
19/05/2019,0.66
20/05/2019,0.676
21/05/2019,0.7
22/05/2019,0.674
23/05/2019,0.661
24/05/2019,0.646
25/05/2019,0.635
26/05/2019,0.656
27/05/2019,0.665
28/05/2019,0.65
29/05/2019,0.646
30/05/2019,0.643
31/05/2019,0.626
1/06/2019,0.631
2/06/2019,0.629
3/06/2019,0.628
4/06/2019,0.619
5/06/2019,0.622
6/06/2019,0.609
7/06/2019,0.616
8/06/2019,0.61
9/06/2019,0.616
10/06/2019,0.617
11/06/2019,0.627
12/06/2019,0.611
13/06/2019,0.757
14/06/2019,0.663
15/06/2019,0.641
16/06/2019,0.63
17/06/2019,0.625
18/06/2019,0.624
19/06/2019,0.626
20/06/2019,0.615
21/06/2019,0.609
22/06/2019,0.621
23/06/2019,0.604
24/06/2019,0.609
25/06/2019,0.629
26/06/2019,0.623
27/06/2019,0.605
28/06/2019,0.57
29/06/2019,0.553
30/06/2019,0.596
1/07/2019,0.587
2/07/2019,0.566
3/07/2019,0.559
4/07/2019,0.56
5/07/2019,0.56
6/07/2019,0.559
7/07/2019,0.558
8/07/2019,0.576
9/07/2019,0.559
10/07/2019,0.56
11/07/2019,0.556
12/07/2019,0.556
13/07/2019,0.566
14/07/2019,0.566
15/07/2019,0.567
16/07/2019,0.571
17/07/2019,0.573
18/07/2019,0.575
19/07/2019,0.573
20/07/2019,0.565
21/07/2019,0.558
22/07/2019,0.556
23/07/2019,0.565
24/07/2019,0.562
25/07/2019,0.568
26/07/2019,0.57
27/07/2019,0.572
28/07/2019,0.574
29/07/2019,0.576
30/07/2019,0.574
31/07/2019,0.567
1/08/2019,0.56
2/08/2019,0.558
3/08/2019,0.561
4/08/2019,0.562
5/08/2019,0.543
6/08/2019,0.533
7/08/2019,0.542
8/08/2019,0.566
9/08/2019,0.598
10/08/2019,0.611
11/08/2019,0.616
12/08/2019,0.6
13/08/2019,0.595
14/08/2019,0.582
15/08/2019,0.565
16/08/2019,0.57
17/08/2019,0.57
18/08/2019,0.586
19/08/2019,0.605
20/08/2019,0.616
21/08/2019,0.596
22/08/2019,0.599
23/08/2019,0.601
24/08/2019,0.588
25/08/2019,0.59
26/08/2019,0.585
27/08/2019,0.571
28/08/2019,0.582
29/08/2019,0.589
30/08/2019,0.587
31/08/2019,0.585
1/09/2019,0.586
2/09/2019,0.583
3/09/2019,0.568
4/09/2019,0.557
5/09/2019,0.545
6/09/2019,0.547
7/09/2019,0.548
8/09/2019,0.556
9/09/2019,0.517
10/09/2019,0.5
11/09/2019,0.47
12/09/2019,0.463
13/09/2019,0.458
14/09/2019,0.449
15/09/2019,0.455
16/09/2019,0.459
17/09/2019,0.478
18/09/2019,0.474
19/09/2019,0.449
20/09/2019,0.445
21/09/2019,0.456
22/09/2019,0.521
23/09/2019,0.481
24/09/2019,0.472
25/09/2019,0.462
26/09/2019,0.463
27/09/2019,0.464
28/09/2019,0.456
29/09/2019,0.457
30/09/2019,0.457
1/10/2019,0.46
2/10/2019,0.447
3/10/2019,0.438
4/10/2019,0.438
5/10/2019,0.442
6/10/2019,0.428
7/10/2019,0.411
8/10/2019,0.428
9/10/2019,0.427
10/10/2019,0.417
11/10/2019,0.42
12/10/2019,0.416
13/10/2019,0.409
14/10/2019,0.421
15/10/2019,0.434
16/10/2019,0.44
17/10/2019,0.461
18/10/2019,0.44
19/10/2019,0.421
20/10/2019,0.411
21/10/2019,0.411
22/10/2019,0.409
23/10/2019,0.4
24/10/2019,0.389
25/10/2019,0.377
26/10/2019,0.357
27/10/2019,0.365
28/10/2019,0.374
29/10/2019,0.371
30/10/2019,0.358
31/10/2019,0.346
1/11/2019,0.322
2/11/2019,0.316
3/11/2019,0.415
4/11/2019,0.372
5/11/2019,0.352
6/11/2019,0.348
7/11/2019,0.329
8/11/2019,0.325
9/11/2019,0.336
10/11/2019,0.336
11/11/2019,0.34
12/11/2019,0.316
13/11/2019,0.314
14/11/2019,0.315
15/11/2019,0.321
16/11/2019,0.311
17/11/2019,0.318
18/11/2019,0.315
19/11/2019,0.306
20/11/2019,0.278
21/11/2019,0.252
22/11/2019,0.27
23/11/2019,0.284
24/11/2019,0.282
25/11/2019,0.283
26/11/2019,0.276
27/11/2019,0.262
28/11/2019,0.257
29/11/2019,0.263
30/11/2019,0.273
1/12/2019,0.31
2/12/2019,0.324
3/12/2019,0.333
4/12/2019,0.309
5/12/2019,0.294
6/12/2019,0.256
7/12/2019,0.258
8/12/2019,0.274
9/12/2019,0.267
10/12/2019,0.264
11/12/2019,0.292
12/12/2019,0.289
13/12/2019,0.3
14/12/2019,0.311
15/12/2019,0.316
16/12/2019,0.323
17/12/2019,0.313
18/12/2019,0.305
19/12/2019,0.293
20/12/2019,0.288
21/12/2019,0.267
22/12/2019,0.27
23/12/2019,0.282
24/12/2019,0.277
25/12/2019,0.258
26/12/2019,0.233
27/12/2019,0.224
28/12/2019,0.222
29/12/2019,0.211
30/12/2019,1.589
31/12/2019,0.442
1/01/2020,0.293
2/01/2020,0.264
3/01/2020,0.248
4/01/2020,0.249
5/01/2020,0.254
6/01/2020,0.412
7/01/2020,0.475
8/01/2020,0.355
9/01/2020,0.32
10/01/2020,0.302
11/01/2020,0.326
12/01/2020,0.335
13/01/2020,0.324
14/01/2020,0.315
15/01/2020,0.301
16/01/2020,0.299
17/01/2020,0.301
18/01/2020,0.315
19/01/2020,0.336
20/01/2020,0.354
21/01/2020,0.364
22/01/2020,0.336
23/01/2020,0.329
24/01/2020,0.341
25/01/2020,0.348
26/01/2020,0.341
27/01/2020,0.339
28/01/2020,0.337
29/01/2020,0.333
30/01/2020,0.324
31/01/2020,0.37
1/02/2020,0.441
2/02/2020,18.302
3/02/2020,0.789
4/02/2020,0.616
5/02/2020,0.569
6/02/2020,0.539
7/02/2020,0.509
8/02/2020,0.491
9/02/2020,0.461
10/02/2020,0.458
